MeanRR,RMSDD,MADRR,MCVNN,pNN20,pNN50,SDRR,CVRR,NN20,NN50,MinRR,MaxRR
0.5739568366858238,0.12512516766240253,0.0625,0.07346647509578544,0.08015340364333653,0.058197507190795784,0.10921432677064358,0.01902831707716482,0.836,0.607,0.203125,1.3046875
