MeanRR,RMSDD,MADRR,MCVNN,pNN20,pNN50,SDRR,CVRR,NN20,NN50,MinRR,MaxRR
0.778717041015625,0.3212541707958165,0.0390625,0.09967578125,0.06323337679269883,0.04719687092568449,0.24683482564526657,0.03169762733371515,0.485,0.362,0.5625,3.0
