MeanRR,RMSDD,MADRR,MCVNN,pNN20,pNN50,SDRR,CVRR,NN20,NN50,MinRR,MaxRR
0.6621072120708749,0.4824817377572572,0.2265625,0.08474972314507198,0.09490022172949002,0.09268292682926829,0.3407810582509317,0.05146916572394215,0.856,0.836,0.125,2.0390625
