MeanRR,RMSDD,MADRR,MCVNN,pNN20,pNN50,SDRR,CVRR,NN20,NN50,MinRR,MaxRR
0.3239338533225284,0.1852692290588596,0.09375,0.041463533225283636,0.08589189189189189,0.07367567567567568,0.1283414104923564,0.03961963505079286,1.589,1.363,0.203125,2.0234375
