MeanRR,RMSDD,MADRR,MCVNN,pNN20,pNN50,SDRR,CVRR,NN20,NN50,MinRR,MaxRR
0.7033175616197183,0.13860224505469748,0.1171875,0.09002464788732394,0.08401880141010577,0.06274970622796709,0.16288526086295557,0.023159561164353113,0.715,0.534,0.203125,1.5
