MeanRR,RMSDD,MADRR,MCVNN,pNN20,pNN50,SDRR,CVRR,NN20,NN50,MinRR,MaxRR
0.4569538395579268,0.2621542313955048,0.125,0.058490091463414634,0.09450800915331807,0.08749046529366895,0.18456898972048186,0.04039116727830548,1.239,1.147,0.203125,1.8203125
