MeanRR,RMSDD,MADRR,MCVNN,pNN20,pNN50,SDRR,CVRR,NN20,NN50,MinRR,MaxRR
0.2760272790055249,0.14515927094852638,0.0234375,0.035331491712707185,0.07554122524182404,0.05145094426531552,0.10880821194904831,0.03941936910767086,1.64,1.117,0.203125,0.9296875
