MeanRR,RMSDD,MADRR,MCVNN,pNN20,pNN50,SDRR,CVRR,NN20,NN50,MinRR,MaxRR
0.3103729943064182,0.17077413470426794,0.046875,0.039727743271221534,0.07581563956499224,0.067892283790782,0.12940989686150178,0.04169496033335324,1.464,1.311,0.203125,0.8515625
