MeanRR,RMSDD,MADRR,MCVNN,pNN20,pNN50,SDRR,CVRR,NN20,NN50,MinRR,MaxRR
0.42042763157894736,0.19942346691396842,0.125,0.05381473684210526,0.09030898876404495,0.07675561797752808,0.1900686378198524,0.045208407712413065,1.286,1.093,0.203125,1.640625
