MeanRR,RMSDD,MADRR,MCVNN,pNN20,pNN50,SDRR,CVRR,NN20,NN50,MinRR,MaxRR
0.6939455388180764,0.12044692551692869,0.046875,0.08882502896871379,0.07911832946635732,0.05243619489559165,0.08887987934130537,0.012807904132172246,0.682,0.452,0.203125,2.0625
