MeanRR,RMSDD,MADRR,MCVNN,pNN20,pNN50,SDRR,CVRR,NN20,NN50,MinRR,MaxRR
0.27051970568335587,0.18361707680271003,0.0,0.03462652232746955,0.053203971119133574,0.046299638989169674,0.12489934626887822,0.046170147181467544,1.179,1.026,0.203125,0.921875
