MeanRR,RMSDD,MADRR,MCVNN,pNN20,pNN50,SDRR,CVRR,NN20,NN50,MinRR,MaxRR
0.24229166666666666,0.07693939197274836,0.0,0.03101333333333333,0.01944219886822959,0.011236863379143088,0.13161253829742342,0.05431987823109479,0.481,0.278,0.203125,1.9921875
