MeanRR,RMSDD,MADRR,MCVNN,pNN20,pNN50,SDRR,CVRR,NN20,NN50,MinRR,MaxRR
0.35063505116959065,0.23273092480504018,0.1015625,0.044881286549707605,0.08935049736688122,0.07975424224692804,0.1609325802659933,0.04589745940378205,1.527,1.363,0.203125,1.1875
