MeanRR,RMSDD,MADRR,MCVNN,pNN20,pNN50,SDRR,CVRR,NN20,NN50,MinRR,MaxRR
0.3620027551328503,0.3128689876894134,0.0390625,0.04633635265700483,0.07975830815709971,0.07824773413897282,0.18956445955737597,0.05236547425939019,1.32,1.295,0.203125,0.9921875
