MeanRR,RMSDD,MADRR,MCVNN,pNN20,pNN50,SDRR,CVRR,NN20,NN50,MinRR,MaxRR
0.47504581022187004,0.42668680224701855,0.1796875,0.06080586370839936,0.09873116574147503,0.08596352101506742,0.26583423703223663,0.0559597056351426,1.245,1.084,0.203125,2.3515625
