MeanRR,RMSDD,MADRR,MCVNN,pNN20,pNN50,SDRR,CVRR,NN20,NN50,MinRR,MaxRR
0.503017422334173,0.298429456752891,0.234375,0.06438623005877414,0.0904201680672269,0.07823529411764706,0.24979869108345126,0.04966004754354231,1.076,0.931,0.203125,1.5
