MeanRR,RMSDD,MADRR,MCVNN,pNN20,pNN50,SDRR,CVRR,NN20,NN50,MinRR,MaxRR
0.8290002593360996,0.09081773819903981,0.046875,0.10611203319502074,0.07714681440443213,0.05013850415512465,0.07381296327894961,0.008903852857423991,0.557,0.362,0.203125,1.6875
