MeanRR,RMSDD,MADRR,MCVNN,pNN20,pNN50,SDRR,CVRR,NN20,NN50,MinRR,MaxRR
0.2233705772811918,0.1071915451267532,0.0,0.028591433891992552,0.014157973174366617,0.00976154992548435,0.09287423201298996,0.04157854321882085,0.38,0.262,0.203125,1.7578125
