MeanRR,RMSDD,MADRR,MCVNN,pNN20,pNN50,SDRR,CVRR,NN20,NN50,MinRR,MaxRR
0.4376483747260774,0.34742318032223285,0.1640625,0.05601899196493791,0.09122807017543859,0.09013157894736842,0.2074258420646717,0.047395547211731066,1.248,1.233,0.203125,1.1171875
