MeanRR,RMSDD,MADRR,MCVNN,pNN20,pNN50,SDRR,CVRR,NN20,NN50,MinRR,MaxRR
0.4291282659269864,0.23951850021182736,0.109375,0.05492841803865426,0.0906160458452722,0.0833810888252149,0.1519842760222253,0.03541698090987195,1.265,1.164,0.203125,1.609375
