MeanRR,RMSDD,MADRR,MCVNN,pNN20,pNN50,SDRR,CVRR,NN20,NN50,MinRR,MaxRR
0.2772733183079057,0.15625948528679323,0.03125,0.035490984743411925,0.08621646623496762,0.06739130434782609,0.09997889437380132,0.03605788504423532,1.864,1.457,0.203125,0.8125
