MeanRR,RMSDD,MADRR,MCVNN,pNN20,pNN50,SDRR,CVRR,NN20,NN50,MinRR,MaxRR
0.6962118459302326,0.10107229238600511,0.046875,0.08911511627906976,0.08009313154831199,0.05378346915017462,0.0841784917000894,0.012090930683262884,0.688,0.462,0.203125,1.1875
