MeanRR,RMSDD,MADRR,MCVNN,pNN20,pNN50,SDRR,CVRR,NN20,NN50,MinRR,MaxRR
0.7947405503978779,0.22128720620285997,0.0625,0.10172679045092838,0.08154050464807437,0.05670650730411687,0.18221140127370988,0.02292715543235938,0.614,0.427,0.203125,3.078125
