MeanRR,RMSDD,MADRR,MCVNN,pNN20,pNN50,SDRR,CVRR,NN20,NN50,MinRR,MaxRR
0.2972003594447199,0.13487386382565072,0.0859375,0.038041646008924145,0.0783234126984127,0.06805555555555556,0.09265767921299799,0.031176839552319785,1.579,1.372,0.203125,0.6640625
