MeanRR,RMSDD,MADRR,MCVNN,pNN20,pNN50,SDRR,CVRR,NN20,NN50,MinRR,MaxRR
0.21871580962800874,0.0648474431840365,0.0,0.027995623632385117,0.007697920466982853,0.003684786574242977,0.09742347274065054,0.04454340676439811,0.211,0.101,0.203125,2.328125
