MeanRR,RMSDD,MADRR,MCVNN,pNN20,pNN50,SDRR,CVRR,NN20,NN50,MinRR,MaxRR
0.26975441408007195,0.14124206736066802,0.0234375,0.03452856500224922,0.07929792979297928,0.06282628262826283,0.09118275072852285,0.03380213481936085,1.762,1.396,0.203125,1.4375
