MeanRR,RMSDD,MADRR,MCVNN,pNN20,pNN50,SDRR,CVRR,NN20,NN50,MinRR,MaxRR
0.32856188322368424,0.15973092241569248,0.0703125,0.04205592105263158,0.08908392759188152,0.07975863960504663,0.10911024717662084,0.03320843127208971,1.624,1.454,0.203125,1.125
