MeanRR,RMSDD,MADRR,MCVNN,pNN20,pNN50,SDRR,CVRR,NN20,NN50,MinRR,MaxRR
0.3722261018001241,0.2944329675736327,0.109375,0.047644941030415895,0.09229813664596274,0.08527950310559007,0.18545453031299744,0.04982308586531682,1.486,1.373,0.203125,2.0
