MeanRR,RMSDD,MADRR,MCVNN,pNN20,pNN50,SDRR,CVRR,NN20,NN50,MinRR,MaxRR
0.35732520870602263,0.15051942415495018,0.0546875,0.0457376267143709,0.08526252983293557,0.07231503579952267,0.10196340558463628,0.028535183944585128,1.429,1.212,0.203125,0.796875
