MeanRR,RMSDD,MADRR,MCVNN,pNN20,pNN50,SDRR,CVRR,NN20,NN50,MinRR,MaxRR
0.306195735444331,0.1928863751668572,0.0390625,0.03919305413687436,0.0918753193663771,0.07199795605518651,0.1271807413295478,0.04153576507033697,1.798,1.409,0.203125,1.3984375
