MeanRR,RMSDD,MADRR,MCVNN,pNN20,pNN50,SDRR,CVRR,NN20,NN50,MinRR,MaxRR
0.2958266526887025,0.16554827453468937,0.03125,0.03786581154415392,0.07670286278381046,0.06752221125370188,0.12189256642031983,0.04120405153236379,1.554,1.368,0.203125,1.4921875
