MeanRR,RMSDD,MADRR,MCVNN,pNN20,pNN50,SDRR,CVRR,NN20,NN50,MinRR,MaxRR
0.42374933651804675,0.22377883785425595,0.0703125,0.054239915074309974,0.09390934844192635,0.08080736543909349,0.1672472332037853,0.03946843541468591,1.326,1.141,0.203125,1.6875
