MeanRR,RMSDD,MADRR,MCVNN,pNN20,pNN50,SDRR,CVRR,NN20,NN50,MinRR,MaxRR
0.6815717434584756,0.2227225073009007,0.0625,0.08724118316268487,0.08485193621867881,0.06514806378132118,0.18471928796279874,0.027101958045602677,0.745,0.572,0.203125,2.078125
