MeanRR,RMSDD,MADRR,MCVNN,pNN20,pNN50,SDRR,CVRR,NN20,NN50,MinRR,MaxRR
0.31685633588794926,0.16747496901866288,0.0859375,0.040557610993657504,0.08810153358011634,0.07689053410893708,0.12038050962679232,0.03799214217681378,1.666,1.454,0.203125,1.5078125
