MeanRR,RMSDD,MADRR,MCVNN,pNN20,pNN50,SDRR,CVRR,NN20,NN50,MinRR,MaxRR
0.3419282710946408,0.1770082644488776,0.078125,0.04376681870011402,0.08841985168282943,0.06965202509982886,0.150323189089573,0.04396336945416418,1.55,1.221,0.203125,2.46875
