MeanRR,RMSDD,MADRR,MCVNN,pNN20,pNN50,SDRR,CVRR,NN20,NN50,MinRR,MaxRR
0.34329807416953034,0.17947442050348258,0.078125,0.043942153493699884,0.08704871060171919,0.07020057306590259,0.13890235950917718,0.04046115313789475,1.519,1.225,0.203125,1.5078125
