MeanRR,RMSDD,MADRR,MCVNN,pNN20,pNN50,SDRR,CVRR,NN20,NN50,MinRR,MaxRR
0.5716754051477597,0.31976811881875844,0.1328125,0.07317445185891325,0.09274809160305345,0.08330152671755725,0.2521818133335933,0.04411276242825461,0.972,0.873,0.203125,2.0625
