MeanRR,RMSDD,MADRR,MCVNN,pNN20,pNN50,SDRR,CVRR,NN20,NN50,MinRR,MaxRR
0.2802341557530402,0.1323535459992305,0.0234375,0.03586997193638915,0.07590079550772111,0.06120729995320543,0.11027608582118978,0.039351407941283195,1.622,1.308,0.203125,2.4453125
