MeanRR,RMSDD,MADRR,MCVNN,pNN20,pNN50,SDRR,CVRR,NN20,NN50,MinRR,MaxRR
0.6026471327967807,0.19878753368585475,0.0546875,0.07713883299798793,0.08489425981873111,0.06646525679758308,0.18720913986917775,0.03106447034774274,0.843,0.66,0.203125,1.5703125
