MeanRR,RMSDD,MADRR,MCVNN,pNN20,pNN50,SDRR,CVRR,NN20,NN50,MinRR,MaxRR
0.44902855805243447,0.26099491491665133,0.1484375,0.05747565543071161,0.09205397301349325,0.08350824587706147,0.1883381557112627,0.04194346937044255,1.228,1.114,0.203125,1.625
