MeanRR,RMSDD,MADRR,MCVNN,pNN20,pNN50,SDRR,CVRR,NN20,NN50,MinRR,MaxRR
0.4309512041696621,0.348777689449954,0.171875,0.055161754133716746,0.09431654676258992,0.09122302158273381,0.21045760897822466,0.04883560062994259,1.311,1.268,0.203125,1.125
