MeanRR,RMSDD,MADRR,MCVNN,pNN20,pNN50,SDRR,CVRR,NN20,NN50,MinRR,MaxRR
0.34751811594202897,0.16531117066453752,0.1015625,0.04448231884057971,0.0842227378190255,0.07006960556844548,0.14730681493006878,0.042388240547045805,1.452,1.208,0.203125,1.4921875
