MeanRR,RMSDD,MADRR,MCVNN,pNN20,pNN50,SDRR,CVRR,NN20,NN50,MinRR,MaxRR
0.48446341956345995,0.4044339396871181,0.1953125,0.06201131770412288,0.09886731391585761,0.09757281553398059,0.2625862647943049,0.054201463761890625,1.222,1.206,0.203125,4.875
