MeanRR,RMSDD,MADRR,MCVNN,pNN20,pNN50,SDRR,CVRR,NN20,NN50,MinRR,MaxRR
0.4098064764183185,0.20357799066205098,0.09375,0.05245522898154477,0.08939808481532148,0.07359781121751026,0.1653542582600836,0.040349352139397325,1.307,1.076,0.203125,1.8046875
