MeanRR,RMSDD,MADRR,MCVNN,pNN20,pNN50,SDRR,CVRR,NN20,NN50,MinRR,MaxRR
0.3837072136916187,0.19458892858372173,0.1171875,0.049114523352527195,0.08661971830985915,0.07189500640204866,0.1728270437709468,0.045041385098859785,1.353,1.123,0.203125,1.453125
