MeanRR,RMSDD,MADRR,MCVNN,pNN20,pNN50,SDRR,CVRR,NN20,NN50,MinRR,MaxRR
0.5776583574181118,0.20621953171625257,0.125,0.07394026974951831,0.08514946962391513,0.07058823529411765,0.20574982257980656,0.035617908048525625,0.883,0.732,0.203125,2.0546875
