MeanRR,RMSDD,MADRR,MCVNN,pNN20,pNN50,SDRR,CVRR,NN20,NN50,MinRR,MaxRR
0.4680730386416862,0.21580550889557415,0.0859375,0.059913348946135835,0.091015625,0.078203125,0.17465723826288962,0.037314099263168886,1.165,1.001,0.203125,1.875
