MeanRR,RMSDD,MADRR,MCVNN,pNN20,pNN50,SDRR,CVRR,NN20,NN50,MinRR,MaxRR
0.2553802438245315,0.13224462072714732,0.0,0.032688671209540034,0.06570089475926714,0.052322113336173835,0.08986150169398215,0.03518733491214177,1.542,1.228,0.203125,1.5546875
