MeanRR,RMSDD,MADRR,MCVNN,pNN20,pNN50,SDRR,CVRR,NN20,NN50,MinRR,MaxRR
0.4637168890177881,0.27107115797494846,0.1484375,0.05935576179427687,0.09489164086687306,0.08498452012383902,0.19659918062393983,0.04239638134387603,1.226,1.098,0.203125,1.625
