MeanRR,RMSDD,MADRR,MCVNN,pNN20,pNN50,SDRR,CVRR,NN20,NN50,MinRR,MaxRR
0.2654659141212926,0.09444946614213275,0.0,0.03397963700752545,0.031178033658104513,0.02400354295837024,0.1548555768286665,0.058333506710738114,0.704,0.542,0.203125,1.4296875
