MeanRR,RMSDD,MADRR,MCVNN,pNN20,pNN50,SDRR,CVRR,NN20,NN50,MinRR,MaxRR
0.21336638621794873,0.04365757898051984,0.0,0.027310897435897433,0.013181332383327396,0.008051300320627003,0.06195657712183912,0.029037646566573955,0.37,0.226,0.203125,1.5703125
