MeanRR,RMSDD,MADRR,MCVNN,pNN20,pNN50,SDRR,CVRR,NN20,NN50,MinRR,MaxRR
0.31986225987193173,0.16119825886851175,0.09375,0.04094236926360725,0.0795515216230646,0.06994127068873465,0.12176057427133676,0.03806656475199292,1.49,1.31,0.203125,1.0
