MeanRR,RMSDD,MADRR,MCVNN,pNN20,pNN50,SDRR,CVRR,NN20,NN50,MinRR,MaxRR
0.6796875,0.23362358263380878,0.08203125,0.087,0.08683314415437003,0.07196367763904654,0.19314399903883472,0.028416588364334305,0.765,0.634,0.203125,1.6328125
