MeanRR,RMSDD,MADRR,MCVNN,pNN20,pNN50,SDRR,CVRR,NN20,NN50,MinRR,MaxRR
0.22297619601638125,0.09973055948781126,0.0,0.0285409530900968,0.02175046554934823,0.01702048417132216,0.08598192667778527,0.03856103396412256,0.584,0.457,0.203125,1.7421875
