MeanRR,RMSDD,MADRR,MCVNN,pNN20,pNN50,SDRR,CVRR,NN20,NN50,MinRR,MaxRR
0.24440008659331705,0.10759715350429283,0.0,0.03128321108394458,0.059559722788422344,0.03872808805544231,0.08013649660254342,0.032789062278808005,1.461,0.95,0.203125,1.1796875
