MeanRR,RMSDD,MADRR,MCVNN,pNN20,pNN50,SDRR,CVRR,NN20,NN50,MinRR,MaxRR
0.21653076436573906,0.055021783948912675,0.0,0.0277159378388146,0.012147505422993492,0.007447577729573392,0.06639581974447083,0.030663457887361717,0.336,0.206,0.203125,1.296875
