MeanRR,RMSDD,MADRR,MCVNN,pNN20,pNN50,SDRR,CVRR,NN20,NN50,MinRR,MaxRR
0.27421303179322964,0.12504356899449948,0.0234375,0.035099268069533396,0.07386727688787185,0.04919908466819222,0.10482121075384435,0.0382261959135789,1.614,1.075,0.203125,1.1015625
