MeanRR,RMSDD,MADRR,MCVNN,pNN20,pNN50,SDRR,CVRR,NN20,NN50,MinRR,MaxRR
0.2087761324041812,0.039472351016248235,0.0,0.026723344947735192,0.009027535726734055,0.005367723945625653,0.036141829244068696,0.01731128401885506,0.259,0.154,0.203125,1.03125
