MeanRR,RMSDD,MADRR,MCVNN,pNN20,pNN50,SDRR,CVRR,NN20,NN50,MinRR,MaxRR
0.4234474311440678,0.1953851455005367,0.1484375,0.05420127118644068,0.08784452296819788,0.075547703180212,0.174377911681175,0.04118053360485427,1.243,1.069,0.203125,1.3984375
