MeanRR,RMSDD,MADRR,MCVNN,pNN20,pNN50,SDRR,CVRR,NN20,NN50,MinRR,MaxRR
0.38228934151785715,0.20124370018743054,0.12109375,0.048933035714285714,0.09100191448627952,0.07849393746011486,0.1654369308690843,0.04327531869244032,1.426,1.23,0.203125,2.109375
