MeanRR,RMSDD,MADRR,MCVNN,pNN20,pNN50,SDRR,CVRR,NN20,NN50,MinRR,MaxRR
0.34816891695702673,0.14488756122100946,0.046875,0.04456562137049942,0.08489250435793143,0.07286461359674606,0.0987686021993532,0.028368012590722982,1.461,1.254,0.203125,1.1796875
