MeanRR,RMSDD,MADRR,MCVNN,pNN20,pNN50,SDRR,CVRR,NN20,NN50,MinRR,MaxRR
0.470983896307934,0.37048190001768433,0.2109375,0.060285938727415556,0.09819182389937108,0.09740566037735848,0.23283342257437603,0.049435537902584085,1.249,1.239,0.203125,1.4296875
