MeanRR,RMSDD,MADRR,MCVNN,pNN20,pNN50,SDRR,CVRR,NN20,NN50,MinRR,MaxRR
0.876530519005848,1.2173089594267479,0.109375,0.11219590643274854,0.0923865300146413,0.08857979502196195,0.8277180640923485,0.09443117451644902,0.631,0.605,0.2578125,10.6875
