MeanRR,RMSDD,MADRR,MCVNN,pNN20,pNN50,SDRR,CVRR,NN20,NN50,MinRR,MaxRR
1.8973991297468353,4.70695491503505,0.28515625,0.24286708860759493,0.09142857142857143,0.08571428571428572,3.414890767372588,0.1799774604001335,0.288,0.27,0.2578125,22.0078125
