MeanRR,RMSDD,MADRR,MCVNN,pNN20,pNN50,SDRR,CVRR,NN20,NN50,MinRR,MaxRR
0.8975369573353293,0.6348402812962313,0.32421875,0.11488473053892216,0.0962518740629685,0.09025487256371814,0.43856897269671496,0.048863611588626864,0.642,0.602,0.2734375,3.4765625
