MeanRR,RMSDD,MADRR,MCVNN,pNN20,pNN50,SDRR,CVRR,NN20,NN50,MinRR,MaxRR
0.6185419891640866,0.26097433778145457,0.1015625,0.0791733746130031,0.07923553719008265,0.07520661157024794,0.19154338296403228,0.030966916768720727,0.767,0.728,0.3046875,2.7265625
