MeanRR,RMSDD,MADRR,MCVNN,pNN20,pNN50,SDRR,CVRR,NN20,NN50,MinRR,MaxRR
0.7391107253086421,0.5766175238633405,0.328125,0.09460617283950618,0.09703337453646477,0.096168108776267,0.3824497348904294,0.05174457923482627,0.785,0.778,0.3046875,2.796875
