MeanRR,RMSDD,MADRR,MCVNN,pNN20,pNN50,SDRR,CVRR,NN20,NN50,MinRR,MaxRR
0.7887541118421053,0.9538292720965198,0.37109375,0.10096052631578947,0.09736495388669301,0.09314888010540184,0.7159989714847897,0.0907759415431257,0.739,0.707,0.2578125,12.5703125
