MeanRR,RMSDD,MADRR,MCVNN,pNN20,pNN50,SDRR,CVRR,NN20,NN50,MinRR,MaxRR
0.6747606981981982,0.49138946942413786,0.09375,0.08636936936936937,0.0697857948139797,0.06426155580608793,0.35941701130588755,0.053265848509795044,0.619,0.57,0.2734375,5.515625
