MeanRR,RMSDD,MADRR,MCVNN,pNN20,pNN50,SDRR,CVRR,NN20,NN50,MinRR,MaxRR
1.5565233355091384,5.087423728762641,0.4765625,0.1992349869451697,0.09633507853403141,0.09424083769633508,3.4503556827177757,0.22167066847020095,0.368,0.36,0.3046875,37.046875
