MeanRR,RMSDD,MADRR,MCVNN,pNN20,pNN50,SDRR,CVRR,NN20,NN50,MinRR,MaxRR
0.6363621284501062,0.27628543368365943,0.078125,0.0814543524416136,0.07927736450584484,0.07523910733262487,0.19250144608982475,0.030250298923141804,0.746,0.708,0.2578125,2.1953125
