MeanRR,RMSDD,MADRR,MCVNN,pNN20,pNN50,SDRR,CVRR,NN20,NN50,MinRR,MaxRR
0.7010233918128655,0.4659560690382363,0.2109375,0.08973099415204679,0.09519906323185012,0.08934426229508197,0.31400036495055583,0.04479171003674248,0.813,0.763,0.2578125,3.0625
