MeanRR,RMSDD,MADRR,MCVNN,pNN20,pNN50,SDRR,CVRR,NN20,NN50,MinRR,MaxRR
3.2205958104395602,9.912434638889717,0.4296875,0.4122362637362637,0.09613259668508288,0.09116022099447514,11.878031483818306,0.36881472196280174,0.174,0.165,0.3125,92.3671875
