MeanRR,RMSDD,MADRR,MCVNN,pNN20,pNN50,SDRR,CVRR,NN20,NN50,MinRR,MaxRR
0.7687800480769231,0.7326892797854025,0.359375,0.09840384615384616,0.09794608472400514,0.0949935815147625,0.5332945968029846,0.06936894344969056,0.763,0.74,0.2578125,9.53125
