MeanRR,RMSDD,MADRR,MCVNN,pNN20,pNN50,SDRR,CVRR,NN20,NN50,MinRR,MaxRR
0.6253584462982273,0.5873332258853529,0.1015625,0.0800458811261731,0.09613778705636743,0.08747390396659707,0.3720942213217769,0.05950095077860814,0.921,0.838,0.265625,2.9296875
