MeanRR,RMSDD,MADRR,MCVNN,pNN20,pNN50,SDRR,CVRR,NN20,NN50,MinRR,MaxRR
0.7567767518939393,0.7899942748310036,0.140625,0.09686742424242425,0.08482932996207333,0.08217446270543616,0.5493971408320446,0.07259698972743305,0.671,0.65,0.265625,9.0390625
