MeanRR,RMSDD,MADRR,MCVNN,pNN20,pNN50,SDRR,CVRR,NN20,NN50,MinRR,MaxRR
0.6043268019153225,0.5905897132029149,0.10546875,0.0773538306451613,0.09566094853683148,0.08607467204843591,0.37474836823807084,0.06201088004873563,0.948,0.853,0.2578125,4.4765625
