MeanRR,RMSDD,MADRR,MCVNN,pNN20,pNN50,SDRR,CVRR,NN20,NN50,MinRR,MaxRR
0.8226058813443072,1.1033535396195209,0.1796875,0.10529355281207133,0.09381868131868132,0.08557692307692306,0.72110584515049,0.0876611584604835,0.683,0.623,0.2578125,8.0234375
