MeanRR,RMSDD,MADRR,MCVNN,pNN20,pNN50,SDRR,CVRR,NN20,NN50,MinRR,MaxRR
0.7568359375,0.6702230945911877,0.328125,0.096875,0.0986093552465234,0.09620733249051833,0.45541103052973764,0.06017301874354211,0.78,0.761,0.2578125,3.1796875
