MeanRR,RMSDD,MADRR,MCVNN,pNN20,pNN50,SDRR,CVRR,NN20,NN50,MinRR,MaxRR
0.7457828047263682,0.5336890621383543,0.25,0.09546019900497513,0.09501867995018681,0.09078455790784558,0.37171701571917803,0.04984252966995707,0.763,0.729,0.265625,3.4453125
