MeanRR,RMSDD,MADRR,MCVNN,pNN20,pNN50,SDRR,CVRR,NN20,NN50,MinRR,MaxRR
1.042307482547993,1.8092711650864006,0.2890625,0.1334153577661431,0.09405594405594406,0.08933566433566434,1.4258745024425998,0.13679979529235944,0.538,0.511,0.2578125,13.7734375
