MeanRR,RMSDD,MADRR,MCVNN,pNN20,pNN50,SDRR,CVRR,NN20,NN50,MinRR,MaxRR
0.7286249239659368,0.6367140066599957,0.3125,0.0932639902676399,0.097442143727162,0.09305724725943972,0.4142917783728227,0.056859402519174713,0.8,0.764,0.2578125,2.828125
