MeanRR,RMSDD,MADRR,MCVNN,pNN20,pNN50,SDRR,CVRR,NN20,NN50,MinRR,MaxRR
3.3385998603351954,9.327795815820853,0.8046875,0.427340782122905,0.09662921348314607,0.0949438202247191,6.896379715491092,0.20656502737643723,0.172,0.169,0.265625,45.390625
