MeanRR,RMSDD,pNN50,SDRR,CVRR,NN50,MinRR,MaxRR
0.6977584696261683,0.9246264183010895,0.09156908665105387,0.6763678817168541,0.09693438505722844,0.391,0.2578125,12.4140625
