MeanRR,RMSDD,pNN50,SDRR,CVRR,NN50,MinRR,MaxRR
0.565242528462998,0.25053620943191784,0.0634980988593156,0.1854252565467342,0.03280454799658135,0.334,0.140625,1.6328125
