MeanRR,RMSDD,pNN50,SDRR,CVRR,NN50,MinRR,MaxRR
0.4659833268330733,0.3337730051177184,0.09828125,0.22244083336756473,0.04773579236822104,0.629,0.234375,1.6875
