MeanRR,RMSDD,pNN50,SDRR,CVRR,NN50,MinRR,MaxRR
0.7240153588807785,0.4783420580254164,0.0873170731707317,0.3672637747215916,0.05072596461065791,0.358,0.125,2.859375
