MeanRR,RMSDD,pNN50,SDRR,CVRR,NN50,MinRR,MaxRR
0.41440876038781166,0.33169756755180096,0.09833564493758669,0.21240555387870672,0.051255082947554854,0.709,0.1875,1.1875
