MeanRR,RMSDD,pNN50,SDRR,CVRR,NN50,MinRR,MaxRR
0.3613304866989117,0.23969385949795,0.09358353510895884,0.15652668909050824,0.04331953567508912,0.773,0.171875,1.3203125
