MeanRR,RMSDD,pNN50,SDRR,CVRR,NN50,MinRR,MaxRR
0.5167874134948097,0.36872594875005626,0.08856152512998267,0.2535028487344872,0.04905360349629205,0.511,0.1796875,1.4453125
