MeanRR,RMSDD,pNN50,SDRR,CVRR,NN50,MinRR,MaxRR
0.4335258152173913,0.349716595067962,0.09535558780841799,0.241086486424325,0.055610641387856534,0.657,0.1796875,2.6171875
