MeanRR,RMSDD,pNN50,SDRR,CVRR,NN50,MinRR,MaxRR
0.6659764755011136,0.3570469863824557,0.05647321428571429,0.27665247926826203,0.04154087861137964,0.253,0.1484375,4.1875
