MeanRR,RMSDD,pNN50,SDRR,CVRR,NN50,MinRR,MaxRR
0.3931304664723032,0.2298027635461327,0.0781021897810219,0.20436338312639576,0.051983603550297096,0.535,0.1328125,1.25
