MeanRR,RMSDD,pNN50,SDRR,CVRR,NN50,MinRR,MaxRR
0.7628077046035805,0.32957673547947963,0.038205128205128204,0.2260764270293466,0.0296374073917928,0.149,0.5859375,2.3671875
