MeanRR,RMSDD,pNN50,SDRR,CVRR,NN50,MinRR,MaxRR
0.7778141361256545,0.36401049391708273,0.05669291338582677,0.26232612233801417,0.0337260677267552,0.216,0.5,2.9375
