MeanRR,RMSDD,pNN50,SDRR,CVRR,NN50,MinRR,MaxRR
0.41942058204768584,0.31457502685922384,0.09845505617977528,0.20546923957995572,0.0489888308715844,0.701,0.1875,2.3125
