MeanRR,RMSDD,pNN50,SDRR,CVRR,NN50,MinRR,MaxRR
0.5938895089285714,0.34207519155415833,0.07296222664015904,0.25258309786490507,0.04253031819346111,0.367,0.125,3.375
