MeanRR,RMSDD,pNN50,SDRR,CVRR,NN50,MinRR,MaxRR
0.5201222826086956,0.2438118158181769,0.06585365853658537,0.1901502175922715,0.036558752422327485,0.378,0.1875,1.3046875
