MeanRR,RMSDD,pNN50,SDRR,CVRR,NN50,MinRR,MaxRR
0.4212376933895921,0.28160051881202647,0.09253521126760564,0.20087699818613045,0.04768732744919491,0.657,0.1875,1.875
