MeanRR,RMSDD,pNN50,SDRR,CVRR,NN50,MinRR,MaxRR
0.5149795611015491,0.3504416699762816,0.09344827586206897,0.2611941140607901,0.050719316607845934,0.542,0.2421875,1.8203125
