MeanRR,RMSDD,pNN50,SDRR,CVRR,NN50,MinRR,MaxRR
0.5309454191033138,0.4319089857936245,0.092578125,0.2808137732554628,0.052889386206536,0.474,0.1484375,1.5703125
