MeanRR,RMSDD,pNN50,SDRR,CVRR,NN50,MinRR,MaxRR
0.9884882036423841,0.35553142188295694,0.06046511627906976,0.2820186956531506,0.028530304622145952,0.182,0.1484375,3.75
