MeanRR,RMSDD,pNN50,SDRR,CVRR,NN50,MinRR,MaxRR
0.481640625,0.4424705337726088,0.09903069466882067,0.2546070777171953,0.05286245895831468,0.613,0.1953125,2.8125
