MeanRR,RMSDD,pNN50,SDRR,CVRR,NN50,MinRR,MaxRR
0.3987079727030626,0.31692877379034234,0.0876,0.21825597113132153,0.054740809332615846,0.657,0.1328125,1.984375
