MeanRR,RMSDD,pNN50,SDRR,CVRR,NN50,MinRR,MaxRR
0.7243628640776699,0.3577002076263922,0.04866180048661801,0.26221833610680506,0.03619985909143579,0.2,0.2578125,3.3828125
