MeanRR,RMSDD,pNN50,SDRR,CVRR,NN50,MinRR,MaxRR
0.3450490762124711,0.24017010667251992,0.09560693641618498,0.14233665858462397,0.041251134518898766,0.827,0.1796875,1.3203125
