MeanRR,RMSDD,pNN50,SDRR,CVRR,NN50,MinRR,MaxRR
0.41112068965517246,0.27585763667901525,0.08632596685082873,0.21037326888990007,0.05117068398244581,0.625,0.1484375,2.7578125
