MeanRR,RMSDD,pNN50,SDRR,CVRR,NN50,MinRR,MaxRR
0.48155696457326896,0.43917102840897915,0.09903225806451613,0.2606385314055291,0.05412413288145331,0.614,0.1796875,1.890625
