MeanRR,RMSDD,pNN50,SDRR,CVRR,NN50,MinRR,MaxRR
0.758386075949367,0.31567112285191,0.07131979695431472,0.2740449626121658,0.03613528403315018,0.281,0.1484375,1.6875
