MeanRR,RMSDD,pNN50,SDRR,CVRR,NN50,MinRR,MaxRR
0.4328034682080925,0.3329871994061378,0.09044862518089725,0.22811912987745564,0.05270732483312164,0.625,0.1484375,1.1875
