MeanRR,RMSDD,pNN50,SDRR,CVRR,NN50,MinRR,MaxRR
0.3933652052238806,0.3044656893067917,0.09162929745889388,0.20295797690067924,0.05159530487328369,0.613,0.1640625,1.3046875
