MeanRR,RMSDD,pNN50,SDRR,CVRR,NN50,MinRR,MaxRR
0.442045665922619,0.338679220999213,0.09761549925484352,0.1928171675766677,0.04361928697439615,0.655,0.1875,0.9453125
