MeanRR,RMSDD,pNN50,SDRR,CVRR,NN50,MinRR,MaxRR
0.7326516544117647,0.5496153972124177,0.09606879606879608,0.37272689119145946,0.05087368450573096,0.391,0.2421875,3.6953125
