MeanRR,RMSDD,pNN50,SDRR,CVRR,NN50,MinRR,MaxRR
0.7820476112565445,0.39668385957947594,0.06692913385826772,0.29512935474648205,0.03773802905328065,0.255,0.1796875,3.25
