MeanRR,RMSDD,pNN50,SDRR,CVRR,NN50,MinRR,MaxRR
0.6274731394129979,0.3194456511210552,0.06491596638655463,0.2814056960923304,0.044847448984921635,0.309,0.1484375,2.3125
