MeanRR,RMSDD,pNN50,SDRR,CVRR,NN50,MinRR,MaxRR
0.6955123546511628,0.51237611166235,0.09393939393939393,0.35684640450537564,0.05130698284782497,0.403,0.25,2.5625
