MeanRR,RMSDD,pNN50,SDRR,CVRR,NN50,MinRR,MaxRR
0.7355295566502462,0.561934676052709,0.09703703703703703,0.3809284808911396,0.05178969049537135,0.393,0.2421875,2.8203125
