MeanRR,RMSDD,pNN50,SDRR,CVRR,NN50,MinRR,MaxRR
0.8581661891117478,0.360476520027463,0.06321839080459771,0.27270325677164575,0.031777441273223496,0.22,0.1875,2.2421875
