MeanRR,RMSDD,pNN50,SDRR,CVRR,NN50,MinRR,MaxRR
0.7854535761154856,0.3307123573311551,0.06,0.25428100448784113,0.032373778950171093,0.228,0.234375,2.1875
