MeanRR,RMSDD,pNN50,SDRR,CVRR,NN50,MinRR,MaxRR
0.9255030959752322,0.4062066052731144,0.07267080745341616,0.2856954430426952,0.030869204466749917,0.234,0.625,2.6875
