MeanRR,RMSDD,pNN50,SDRR,CVRR,NN50,MinRR,MaxRR
0.3854468307593307,0.2971263200499857,0.09445876288659794,0.1973758709130988,0.051207029131428605,0.733,0.1796875,2.625
