MeanRR,RMSDD,pNN50,SDRR,CVRR,NN50,MinRR,MaxRR
0.4334298118668596,0.25522433447693393,0.09159420289855072,0.2050162887128517,0.04730092003358281,0.632,0.1875,1.6875
