MeanRR,RMSDD,pNN50,SDRR,CVRR,NN50,MinRR,MaxRR
0.4301371402877698,0.23987838815414614,0.08386167146974063,0.20528393697761732,0.047725229409457295,0.582,0.140625,1.4375
