MeanRR,RMSDD,pNN50,SDRR,CVRR,NN50,MinRR,MaxRR
0.5256892574692442,0.35129143379178884,0.08433098591549296,0.25591296558764415,0.04868141434345679,0.479,0.1875,2.1328125
