MeanRR,RMSDD,pNN50,SDRR,CVRR,NN50,MinRR,MaxRR
0.7803477690288714,0.313947613347847,0.053421052631578946,0.23146456314815217,0.02966171908663308,0.203,0.5,2.078125
