MeanRR,RMSDD,MADRR,MCVNN,pNN20,pNN50,SDRR,CVRR,NN20,NN50,MinRR,MaxRR
0.23130483513305053,0.09243123158151072,0.0,0.029607018897030466,0.02959104938271605,0.024189814814814813,0.07854502137839588,0.03395736251393769,0.767,0.627,0.203125,1.015625
