MeanRR,RMSDD,MADRR,MCVNN,pNN20,pNN50,SDRR,CVRR,NN20,NN50,MinRR,MaxRR
0.6636467572062085,0.18688588792386537,0.10546875,0.08494678492239469,0.08124306326304107,0.05682574916759157,0.26779704053520004,0.04035234673074581,0.732,0.512,0.203125,1.125
