MeanRR,RMSDD,MADRR,MCVNN,pNN20,pNN50,SDRR,CVRR,NN20,NN50,MinRR,MaxRR
0.7873252467105264,0.3883831005011139,0.015625,0.10077763157894737,0.057707509881422925,0.04769433465085639,0.26941392280473225,0.03421888526125048,0.438,0.362,0.5546875,3.6796875
