MeanRR,RMSDD,MADRR,MCVNN,pNN20,pNN50,SDRR,CVRR,NN20,NN50,MinRR,MaxRR
0.4510851674191121,0.30021634248475193,0.1640625,0.05773890142964635,0.09246987951807228,0.09051204819277109,0.20303723508836483,0.04501084268632557,1.228,1.202,0.1484375,1.4375
