MeanRR,RMSDD,MADRR,MCVNN,pNN20,pNN50,SDRR,CVRR,NN20,NN50,MinRR,MaxRR
0.7879831414473685,0.3577138519652331,0.0625,0.10086184210526317,0.05704874835309618,0.048484848484848485,0.2667835547482553,0.0338565053889639,0.433,0.368,0.140625,3.7421875
