MeanRR,RMSDD,MADRR,MCVNN,pNN20,pNN50,SDRR,CVRR,NN20,NN50,MinRR,MaxRR
0.3989628412117177,0.30615487431383903,0.140625,0.05106724367509987,0.09160559626915389,0.0860093271152565,0.21778629805899044,0.05458811587503652,1.375,1.291,0.1328125,1.984375
