MeanRR,RMSDD,MADRR,MCVNN,pNN20,pNN50,SDRR,CVRR,NN20,NN50,MinRR,MaxRR
0.6957308643771828,0.5319176279777281,0.2578125,0.0890535506402794,0.0914918414918415,0.08694638694638696,0.40399781542586194,0.05806811744474211,0.785,0.746,0.1171875,3.9453125
