MeanRR,RMSDD,MADRR,MCVNN,pNN20,pNN50,SDRR,CVRR,NN20,NN50,MinRR,MaxRR
0.5624926505174036,0.4535922711654603,0.0703125,0.07199905926622766,0.08126177024482109,0.07740112994350282,0.31778963521827863,0.05649667332114701,0.863,0.822,0.1171875,3.015625
