MeanRR,RMSDD,MADRR,MCVNN,pNN20,pNN50,SDRR,CVRR,NN20,NN50,MinRR,MaxRR
0.6209925518134716,0.350455155836334,0.1875,0.07948704663212434,0.08236514522821577,0.07883817427385892,0.3103903406965207,0.04998294098537805,0.794,0.76,0.1328125,2.6875
