MeanRR,RMSDD,MADRR,MCVNN,pNN20,pNN50,SDRR,CVRR,NN20,NN50,MinRR,MaxRR
0.4407686121323529,0.3403757997350867,0.171875,0.05641838235294118,0.08984547461368654,0.08623988226637233,0.23578979375371437,0.05349514172822089,1.221,1.172,0.171875,2.0546875
