MeanRR,RMSDD,MADRR,MCVNN,pNN20,pNN50,SDRR,CVRR,NN20,NN50,MinRR,MaxRR
0.5852349095796676,0.4049056084850598,0.0625,0.07491006842619745,0.07837573385518591,0.07465753424657534,0.2994316521627486,0.05116435251236277,0.801,0.763,0.1171875,3.1875
