MeanRR,RMSDD,MADRR,MCVNN,pNN20,pNN50,SDRR,CVRR,NN20,NN50,MinRR,MaxRR
0.5185064935064935,0.3803855930965154,0.2109375,0.06636883116883116,0.09090121317157712,0.08899480069324091,0.26209056712707524,0.05054721019107025,1.049,1.027,0.171875,2.4296875
