MeanRR,RMSDD,MADRR,MCVNN,pNN20,pNN50,SDRR,CVRR,NN20,NN50,MinRR,MaxRR
0.8135204081632653,0.37642377909985364,0.0625,0.10413061224489796,0.06239782016348774,0.05967302452316077,0.2689332976406492,0.03305796571813563,0.458,0.438,0.5,2.9375
