MeanRR,RMSDD,MADRR,MCVNN,pNN20,pNN50,SDRR,CVRR,NN20,NN50,MinRR,MaxRR
0.5163254310344828,0.35886101853003805,0.234375,0.0660896551724138,0.0900776531492666,0.08783433994823123,0.2552253460203671,0.04943110113887106,1.044,1.018,0.1875,2.375
