MeanRR,RMSDD,MADRR,MCVNN,pNN20,pNN50,SDRR,CVRR,NN20,NN50,MinRR,MaxRR
0.3857453316162267,0.2959415458512521,0.1328125,0.04937540244687701,0.09903350515463917,0.09838917525773196,0.18324363374834382,0.04750378519957065,1.537,1.527,0.1875,1.4375
