MeanRR,RMSDD,MADRR,MCVNN,pNN20,pNN50,SDRR,CVRR,NN20,NN50,MinRR,MaxRR
0.40920911815068495,0.29879150171672647,0.1328125,0.05237876712328767,0.09568197395476354,0.09294037011651816,0.19939787240294213,0.0487276220295553,1.396,1.356,0.1328125,1.8828125
