MeanRR,RMSDD,MADRR,MCVNN,pNN20,pNN50,SDRR,CVRR,NN20,NN50,MinRR,MaxRR
0.6785005668934241,0.5100890726049622,0.2421875,0.08684807256235828,0.09614074914869465,0.09568671963677639,0.33838768243975487,0.04987286657535061,0.847,0.843,0.25,2.5625
