MeanRR,RMSDD,MADRR,MCVNN,pNN20,pNN50,SDRR,CVRR,NN20,NN50,MinRR,MaxRR
0.5156653746770026,0.36028218986069654,0.0703125,0.06600516795865632,0.08577586206896551,0.08103448275862069,0.26534376443912094,0.0514565796870353,0.995,0.94,0.109375,2.2421875
