MeanRR,RMSDD,MADRR,MCVNN,pNN20,pNN50,SDRR,CVRR,NN20,NN50,MinRR,MaxRR
0.39014149022801303,0.3075554703841323,0.1328125,0.049938110749185666,0.09804432855280312,0.09752281616688395,0.19301359736527507,0.04947271751396418,1.504,1.496,0.1796875,1.1875
