MeanRR,RMSDD,MADRR,MCVNN,pNN20,pNN50,SDRR,CVRR,NN20,NN50,MinRR,MaxRR
0.40738124575118967,0.23911614391354002,0.125,0.052144799456152274,0.09115646258503401,0.08632653061224489,0.20320022458669246,0.049879621780821524,1.34,1.269,0.125,2.2578125
