MeanRR,RMSDD,MADRR,MCVNN,pNN20,pNN50,SDRR,CVRR,NN20,NN50,MinRR,MaxRR
0.7412979579207921,0.6309402376940887,0.33203125,0.09488613861386139,0.0952912019826518,0.09293680297397769,0.4589125730053754,0.06190662851581878,0.769,0.75,0.109375,3.8125
