MeanRR,RMSDD,MADRR,MCVNN,pNN20,pNN50,SDRR,CVRR,NN20,NN50,MinRR,MaxRR
0.43044463388370424,0.32219432226697153,0.1640625,0.055096913137114144,0.09008620689655172,0.08685344827586207,0.23071764728773952,0.05359984284298777,1.254,1.209,0.171875,2.0625
