MeanRR,RMSDD,MADRR,MCVNN,pNN20,pNN50,SDRR,CVRR,NN20,NN50,MinRR,MaxRR
0.6430779569892473,0.3347664294043269,0.1328125,0.08231397849462366,0.07857911733046287,0.0758880516684607,0.28680964937174924,0.04459951491954884,0.73,0.705,0.234375,2.0546875
