MeanRR,RMSDD,MADRR,MCVNN,pNN20,pNN50,SDRR,CVRR,NN20,NN50,MinRR,MaxRR
0.6974796037296037,0.5307997686759244,0.2578125,0.08927738927738928,0.09661610268378062,0.09579929988331388,0.3586983823655633,0.05142779522834938,0.828,0.821,0.140625,3.25
