MeanRR,RMSDD,MADRR,MCVNN,pNN20,pNN50,SDRR,CVRR,NN20,NN50,MinRR,MaxRR
0.7522798742138365,0.3833458668034968,0.0625,0.09629182389937106,0.06083123425692695,0.05302267002518891,0.2789620888905177,0.0370822214514305,0.483,0.421,0.2578125,3.3828125
