MeanRR,RMSDD,MADRR,MCVNN,pNN20,pNN50,SDRR,CVRR,NN20,NN50,MinRR,MaxRR
0.679483541430193,0.3315502448387391,0.125,0.0869738933030647,0.07625,0.07045454545454545,0.2934064438234156,0.04318080217305143,0.671,0.62,0.234375,2.375
