MeanRR,RMSDD,MADRR,MCVNN,pNN20,pNN50,SDRR,CVRR,NN20,NN50,MinRR,MaxRR
0.3644234422492401,0.2740597282539401,0.125,0.046646200607902734,0.09586374695863747,0.0944647201946472,0.17039678896777186,0.04675791104877178,1.576,1.553,0.171875,1.390625
