MeanRR,RMSDD,MADRR,MCVNN,pNN20,pNN50,SDRR,CVRR,NN20,NN50,MinRR,MaxRR
0.46470737975174553,0.3589485722811861,0.1484375,0.05948254460822343,0.09906832298136646,0.09883540372670807,0.2030531165328437,0.04369483364807292,1.276,1.273,0.140625,1.6875
