MeanRR,RMSDD,MADRR,MCVNN,pNN20,pNN50,SDRR,CVRR,NN20,NN50,MinRR,MaxRR
0.6689201038159371,0.6875356101924136,0.2890625,0.08562177328843995,0.09337078651685393,0.08910112359550561,0.49448974561563264,0.07392358860120288,0.831,0.793,0.1328125,4.5859375
