MeanRR,RMSDD,MADRR,MCVNN,pNN20,pNN50,SDRR,CVRR,NN20,NN50,MinRR,MaxRR
0.6864350658648338,0.34112457430711207,0.0625,0.08786368843069875,0.07305045871559633,0.07052752293577981,0.2638719932325467,0.03844092563949899,0.637,0.615,0.140625,2.671875
