MeanRR,RMSDD,MADRR,MCVNN,pNN20,pNN50,SDRR,CVRR,NN20,NN50,MinRR,MaxRR
0.35506816834617666,0.258264736339756,0.1328125,0.045448725548310615,0.09869513641755635,0.09756820877817318,0.1511751053898406,0.042576361067222214,1.664,1.645,0.1796875,1.3671875
