MeanRR,RMSDD,MADRR,MCVNN,pNN20,pNN50,SDRR,CVRR,NN20,NN50,MinRR,MaxRR
0.7668138586956521,0.7424986396307761,0.3359375,0.09815217391304348,0.09795134443021768,0.09487836107554418,0.4999337940654299,0.06519623874766893,0.765,0.741,0.2578125,4.0390625
