MeanRR,RMSDD,MADRR,MCVNN,pNN20,pNN50,SDRR,CVRR,NN20,NN50,MinRR,MaxRR
0.6801397559591373,0.5455021577342152,0.3046875,0.08705788876276958,0.09784090909090909,0.09556818181818182,0.35685917342769824,0.052468506700428526,0.861,0.841,0.2578125,2.8203125
