MeanRR,RMSDD,MADRR,MCVNN,pNN20,pNN50,SDRR,CVRR,NN20,NN50,MinRR,MaxRR
0.7014345760233919,0.4976827271618453,0.2265625,0.08978362573099415,0.09426229508196722,0.08946135831381732,0.34433902667926897,0.04909068335801367,0.805,0.764,0.265625,3.796875
