MeanRR,RMSDD,MADRR,MCVNN,pNN20,pNN50,SDRR,CVRR,NN20,NN50,MinRR,MaxRR
0.7310267857142857,0.7425225043384972,0.203125,0.09357142857142857,0.09804400977995109,0.09266503667481663,0.5408381278377595,0.07398335305994391,0.802,0.758,0.2578125,6.8984375
