MeanRR,RMSDD,MADRR,MCVNN,pNN20,pNN50,SDRR,CVRR,NN20,NN50,MinRR,MaxRR
0.6862739833906071,0.6024574722673232,0.328125,0.0878430698739977,0.09873853211009176,0.09701834862385321,0.3954648830596417,0.057624927161861336,0.861,0.846,0.3046875,4.3046875
