MeanRR,RMSDD,MADRR,MCVNN,pNN20,pNN50,SDRR,CVRR,NN20,NN50,MinRR,MaxRR
0.7555465794451449,0.528176805293395,0.1953125,0.09670996216897856,0.09406565656565656,0.09090909090909091,0.3720939151884281,0.049248309146166055,0.745,0.72,0.2734375,3.09375
