MeanRR,RMSDD,MADRR,MCVNN,pNN20,pNN50,SDRR,CVRR,NN20,NN50,MinRR,MaxRR
0.7807210286458334,0.5828542302015387,0.1796875,0.09993229166666667,0.09608865710560625,0.09256844850065189,0.3958424056455449,0.050702157508442744,0.737,0.71,0.3046875,2.6953125
