MeanRR,RMSDD,MADRR,MCVNN,pNN20,pNN50,SDRR,CVRR,NN20,NN50,MinRR,MaxRR
0.6534811205016358,0.7198484192547543,0.1015625,0.08364558342420937,0.09519650655021834,0.08438864628820962,0.4899642674985746,0.07497757044954265,0.872,0.773,0.2578125,6.0859375
