MeanRR,RMSDD,MADRR,MCVNN,pNN20,pNN50,SDRR,CVRR,NN20,NN50,MinRR,MaxRR
0.6723129204035875,0.3924947360898872,0.09375,0.08605605381165919,0.08742985409652076,0.08181818181818183,0.2712219592446758,0.04034162530773053,0.779,0.729,0.3046875,2.6484375
