MeanRR,RMSDD,MADRR,MCVNN,pNN20,pNN50,SDRR,CVRR,NN20,NN50,MinRR,MaxRR
0.6987907925407925,0.5620862046393007,0.328125,0.08944522144522145,0.09638273045507584,0.09498249708284714,0.3783624343415205,0.054145309065364265,0.826,0.814,0.2578125,3.4375
