MeanRR,RMSDD,MADRR,MCVNN,pNN20,pNN50,SDRR,CVRR,NN20,NN50,MinRR,MaxRR
1.8680393302180685,10.301582411161412,0.359375,0.23910903426791277,0.093125,0.0878125,8.218191650730754,0.4399367571009006,0.298,0.281,0.2578125,110.2734375
