MeanRR,RMSDD,MADRR,MCVNN,pNN20,pNN50,SDRR,CVRR,NN20,NN50,MinRR,MaxRR
0.7716920423956932,0.6940726428233831,0.21875,0.09877658142664872,0.09649595687331536,0.08854447439353098,0.5007130692154738,0.06488508909085366,0.716,0.657,0.2890625,7.203125
