MeanRR,RMSDD,MADRR,MCVNN,pNN20,pNN50,SDRR,CVRR,NN20,NN50,MinRR,MaxRR
1.3583829365079365,5.232236832205548,0.3125,0.17387301587301587,0.0959090909090909,0.09204545454545454,3.978446822469736,0.2928810952747484,0.422,0.405,0.2578125,73.1484375
