MeanRR,RMSDD,MADRR,MCVNN,pNN20,pNN50,SDRR,CVRR,NN20,NN50,MinRR,MaxRR
0.8817769698085419,4.024262463485363,0.078125,0.11286745213549336,0.08392330383480827,0.07846607669616519,3.0333441516865527,0.34400355821780826,0.569,0.532,0.2578125,74.328125
