MeanRR,RMSDD,MADRR,MCVNN,pNN20,pNN50,SDRR,CVRR,NN20,NN50,MinRR,MaxRR
1.3049795560747663,13.700169145973925,0.34375,0.16703738317757008,0.0984375,0.0925,9.660212517205379,0.7402577666628146,0.315,0.296,0.2578125,173.6015625
