MeanRR,RMSDD,MADRR,MCVNN,pNN20,pNN50,SDRR,CVRR,NN20,NN50,MinRR,MaxRR
1.0627881659836067,3.1670008593333976,0.42578125,0.13603688524590163,0.09630390143737166,0.09178644763860369,3.007489439370698,0.2829810808617047,0.469,0.447,0.2578125,64.234375
