MeanRR,RMSDD,MADRR,MCVNN,pNN20,pNN50,SDRR,CVRR,NN20,NN50,MinRR,MaxRR
2.02609481292517,6.678656762379496,0.4921875,0.25934013605442174,0.09897610921501707,0.09863481228668942,4.465236032394876,0.22038633157291396,0.29,0.289,0.2578125,46.0859375
