MeanRR,RMSDD,MADRR,MCVNN,pNN20,pNN50,SDRR,CVRR,NN20,NN50,MinRR,MaxRR
1.9294289981617647,9.275421663752168,0.3046875,0.2469669117647059,0.0940959409594096,0.08819188191881919,8.081132307399447,0.41883543344163626,0.255,0.239,0.3125,112.53125
