MeanRR,RMSDD,MADRR,MCVNN,pNN20,pNN50,SDRR,CVRR,NN20,NN50,MinRR,MaxRR
1.0179008730834753,1.3952254009353695,0.1875,0.13029131175468484,0.0977815699658703,0.09112627986348124,0.8702310342415135,0.0854927092856662,0.573,0.534,0.2578125,7.8203125
