MeanRR,RMSDD,MADRR,MCVNN,pNN20,pNN50,SDRR,CVRR,NN20,NN50,MinRR,MaxRR
0.8313086752433936,0.6538768422570496,0.2578125,0.10640751043115437,0.09415041782729804,0.08983286908077995,0.46037038427679083,0.05537899434791799,0.676,0.645,0.265625,3.59375
