MeanRR,RMSDD,MADRR,MCVNN,pNN20,pNN50,SDRR,CVRR,NN20,NN50,MinRR,MaxRR
0.7330761002444988,0.7136795697784246,0.18359375,0.09383374083129584,0.09657282741738066,0.09094247246022032,0.5239513628155272,0.07147298386085382,0.789,0.743,0.265625,9.34375
