MeanRR,RMSDD,MADRR,MCVNN,pNN20,pNN50,SDRR,CVRR,NN20,NN50,MinRR,MaxRR
0.6859160223367697,0.7412954675259569,0.234375,0.08779725085910653,0.09392201834862385,0.09174311926605505,0.5425148666295024,0.07909348214104547,0.819,0.8,0.2578125,12.4140625
