MeanRR,RMSDD,MADRR,MCVNN,pNN20,pNN50,SDRR,CVRR,NN20,NN50,MinRR,MaxRR
0.7997329773030708,0.8458571615926139,0.3359375,0.10236582109479306,0.0983957219251337,0.09665775401069518,0.578690263647291,0.07236043530414375,0.736,0.723,0.2578125,6.4921875
