MeanRR,RMSDD,MADRR,MCVNN,pNN20,pNN50,SDRR,CVRR,NN20,NN50,MinRR,MaxRR
0.6201313405797101,0.7325323022324389,0.046875,0.0793768115942029,0.09419689119170983,0.08072538860103627,0.4980789099394444,0.08031829345600097,0.909,0.779,0.2578125,6.8828125
