MeanRR,RMSDD,MADRR,MCVNN,pNN20,pNN50,SDRR,CVRR,NN20,NN50,MinRR,MaxRR
0.7646085778061225,0.6883774166163033,0.359375,0.09786989795918367,0.09655172413793103,0.09438058748403576,0.4524424558939586,0.059173081368266045,0.756,0.739,0.2578125,3.15625
