MeanRR,RMSDD,MADRR,MCVNN,pNN20,pNN50,SDRR,CVRR,NN20,NN50,MinRR,MaxRR
0.7411529238861386,0.6849984323256286,0.32421875,0.09486757425742574,0.09801734820322182,0.09653035935563817,0.46646626137424224,0.06293792365121996,0.791,0.779,0.296875,6.0234375
