MeanRR,RMSDD,MADRR,MCVNN,pNN20,pNN50,SDRR,CVRR,NN20,NN50,MinRR,MaxRR
0.9211189516129031,0.661890040891968,0.3203125,0.11790322580645161,0.09723076923076923,0.09261538461538461,0.4649096393212271,0.05047226946174088,0.632,0.602,0.2890625,5.2265625
