MeanRR,RMSDD,MADRR,MCVNN,pNN20,pNN50,SDRR,CVRR,NN20,NN50,MinRR,MaxRR
3.3217013888888887,14.26925539990614,0.609375,0.4251777777777778,0.09664804469273743,0.09385474860335195,9.883237476770438,0.2975353988720939,0.173,0.168,0.2578125,123.8125
