MeanRR,RMSDD,MADRR,MCVNN,pNN20,pNN50,SDRR,CVRR,NN20,NN50,MinRR,MaxRR
1.0387323943661972,2.4905278680133462,0.55078125,0.13295774647887323,0.09811764705882353,0.09482352941176471,1.6996461383338834,0.16362695026671964,0.417,0.403,0.2578125,25.90625
