MeanRR,RMSDD,MADRR,MCVNN,pNN20,pNN50,SDRR,CVRR,NN20,NN50,MinRR,MaxRR
1.0686595840867992,2.196483342527181,0.3828125,0.1367884267631103,0.09565217391304348,0.09039855072463769,1.6557834249387813,0.15494021198094587,0.528,0.499,0.2578125,23.640625
