MeanRR,RMSDD,MADRR,MCVNN,pNN20,pNN50,SDRR,CVRR,NN20,NN50,MinRR,MaxRR
1.120502336448598,2.914370462108652,0.5390625,0.14342429906542056,0.09906367041198502,0.09700374531835206,2.0330426594883404,0.18144028739217216,0.529,0.518,0.2578125,28.2734375
