MeanRR,RMSDD,pNN50,SDRR,CVRR,NN50,MinRR,MaxRR
0.38018845419847325,0.23463361528047508,0.08789808917197452,0.16851479028048622,0.04432401573997165,0.69,0.1328125,1.0078125
