MeanRR,RMSDD,pNN50,SDRR,CVRR,NN50,MinRR,MaxRR
0.4095230940934066,0.32033386067099284,0.09422283356258597,0.2124149492694883,0.05186885729600377,0.685,0.1796875,3.0625
