MeanRR,RMSDD,pNN50,SDRR,CVRR,NN50,MinRR,MaxRR
0.4786875,0.4439300755853502,0.09935897435897437,0.24924683410707513,0.052068799395654806,0.62,0.1875,1.9375
