MeanRR,RMSDD,pNN50,SDRR,CVRR,NN50,MinRR,MaxRR
0.4070600272851296,0.319319821796668,0.08483606557377049,0.25538874686094964,0.06273982453257683,0.621,0.1328125,3.875
