MeanRR,RMSDD,pNN50,SDRR,CVRR,NN50,MinRR,MaxRR
0.8276717886740331,0.3293590659697688,0.04626038781163435,0.2400103693306052,0.02899825421319633,0.167,0.625,2.6875
