MeanRR,RMSDD,pNN50,SDRR,CVRR,NN50,MinRR,MaxRR
0.9472222222222222,0.24422714430326997,0.05636942675159236,0.22135853779872947,0.023369229796933316,0.177,0.6796875,2.125
