MeanRR,RMSDD,pNN50,SDRR,CVRR,NN50,MinRR,MaxRR
0.48236173014586714,0.4218854512970098,0.09642857142857143,0.2534183831333428,0.052537000200390815,0.594,0.1875,2.1796875
