MeanRR,RMSDD,pNN50,SDRR,CVRR,NN50,MinRR,MaxRR
0.39977618808567605,0.2941474696093021,0.0888739946380697,0.19773714234395023,0.04946196102644643,0.663,0.140625,1.25
