MeanRR,RMSDD,pNN50,SDRR,CVRR,NN50,MinRR,MaxRR
0.4568998470948012,0.3505860770523435,0.09617151607963247,0.23430945097459882,0.05128245335700068,0.628,0.1875,2.5
