MeanRR,RMSDD,pNN50,SDRR,CVRR,NN50,MinRR,MaxRR
0.6294736842105264,0.4591999764348064,0.09092827004219409,0.3156042752024864,0.05013780291678296,0.431,0.1328125,1.8046875
