MeanRR,RMSDD,pNN50,SDRR,CVRR,NN50,MinRR,MaxRR
0.7854330708661418,0.36229084717411075,0.048947368421052635,0.2640897400518309,0.03362345562564664,0.186,0.5859375,2.25
