MeanRR,RMSDD,pNN50,SDRR,CVRR,NN50,MinRR,MaxRR
0.7576142131979695,0.3536091736058864,0.056488549618320616,0.26330589903026796,0.03475461447836702,0.222,0.1796875,2.125
