MeanRR,RMSDD,pNN50,SDRR,CVRR,NN50,MinRR,MaxRR
0.3528783863368669,0.2674853078930549,0.09410377358490565,0.16660332168492206,0.04721267386602651,0.798,0.171875,1.390625
