MeanRR,RMSDD,pNN50,SDRR,CVRR,NN50,MinRR,MaxRR
0.38334403080872914,0.22804452781360363,0.08496143958868894,0.17847476966294518,0.046557336313916876,0.661,0.125,1.3125
