MeanRR,RMSDD,pNN50,SDRR,CVRR,NN50,MinRR,MaxRR
0.743125,0.5785755659315639,0.09573934837092732,0.3882750114695016,0.05224895023979838,0.382,0.25,2.515625
