MeanRR,RMSDD,pNN50,SDRR,CVRR,NN50,MinRR,MaxRR
0.3476426393728223,0.23806834393222215,0.09453488372093022,0.15573161815524458,0.04479646640475346,0.813,0.1484375,1.8671875
