MeanRR,RMSDD,pNN50,SDRR,CVRR,NN50,MinRR,MaxRR
0.4763,0.45146088135776963,0.09903846153846155,0.2548971155205589,0.05351608555963864,0.618,0.1875,2.7421875
