MeanRR,RMSDD,pNN50,SDRR,CVRR,NN50,MinRR,MaxRR
0.4026806772237197,0.28286185643830514,0.08879892037786774,0.20190524621852038,0.05014028674297344,0.658,0.1796875,1.4375
