MeanRR,RMSDD,pNN50,SDRR,CVRR,NN50,MinRR,MaxRR
0.46298449612403103,0.25096238935211507,0.07065217391304349,0.24772197931208162,0.053505458905414034,0.455,0.1328125,1.875
