MeanRR,RMSDD,pNN50,SDRR,CVRR,NN50,MinRR,MaxRR
0.5175173010380624,0.37291215209152767,0.09081455805892547,0.26613983018943616,0.051426267229250006,0.524,0.1953125,2.375
