MeanRR,RMSDD,pNN50,SDRR,CVRR,NN50,MinRR,MaxRR
0.8426496478873239,0.3276917370923713,0.06694915254237288,0.23763220341040986,0.028200593687566007,0.237,0.1484375,2.3125
