MeanRR,RMSDD,pNN50,SDRR,CVRR,NN50,MinRR,MaxRR
0.7831364829396326,0.4106931792588238,0.05815789473684211,0.29385359380531945,0.03752265412310908,0.221,0.4375,2.5
