MeanRR,RMSDD,pNN50,SDRR,CVRR,NN50,MinRR,MaxRR
0.4812474879421222,0.24068290424913003,0.07536231884057971,0.23056981333410445,0.047910860650941044,0.468,0.1640625,1.5703125
