MeanRR,RMSDD,pNN50,SDRR,CVRR,NN50,MinRR,MaxRR
0.8219481749311295,0.3160630246982481,0.06712707182320442,0.3100615129383532,0.03772275702958195,0.243,0.1171875,2.2578125
