MeanRR,RMSDD,pNN50,SDRR,CVRR,NN50,MinRR,MaxRR
0.5494272908366533,0.30612434060197585,0.07584830339321356,0.22350740558821652,0.040680069831963636,0.38,0.1171875,2.0703125
