MeanRR,RMSDD,pNN50,SDRR,CVRR,NN50,MinRR,MaxRR
0.4599015210608424,0.4100099720556301,0.09828125,0.2327363223286842,0.05060568658086575,0.629,0.1796875,1.1953125
