MeanRR,RMSDD,pNN50,SDRR,CVRR,NN50,MinRR,MaxRR
0.562278891509434,0.25644795559123845,0.06332703213610587,0.20379035716010074,0.0362436435436918,0.335,0.1875,1.625
