MeanRR,RMSDD,pNN50,SDRR,CVRR,NN50,MinRR,MaxRR
0.38639575258397935,0.23886734069165363,0.08861578266494179,0.19915233713945024,0.05154102647548291,0.685,0.125,2.2578125
