MeanRR,RMSDD,pNN50,SDRR,CVRR,NN50,MinRR,MaxRR
0.6857977350917431,0.36172453936120724,0.06850574712643677,0.2799419565805127,0.04081990100813955,0.298,0.140625,2.671875
