MeanRR,RMSDD,pNN50,SDRR,CVRR,NN50,MinRR,MaxRR
0.5040114688552189,0.45990000997557884,0.0984822934232715,0.2610359575838296,0.05179167017304802,0.584,0.1875,1.8125
