MeanRR,RMSDD,pNN50,SDRR,CVRR,NN50,MinRR,MaxRR
0.6776765375854215,0.5821756619402718,0.0863013698630137,0.44664792800221204,0.06590871945982221,0.378,0.1171875,3.9453125
