MeanRR,RMSDD,pNN50,SDRR,CVRR,NN50,MinRR,MaxRR
0.4974869791666667,0.4635412026049211,0.0993322203672788,0.2705939520681444,0.0543921677149043,0.595,0.1875,2.8828125
