MeanRR,RMSDD,pNN50,SDRR,CVRR,NN50,MinRR,MaxRR
0.8939132462686568,0.6719179722715058,0.09041916167664671,0.4520181652648696,0.05056622296980932,0.302,0.2734375,3.4765625
