MeanRR,RMSDD,pNN50,SDRR,CVRR,NN50,MinRR,MaxRR
0.5506226937269373,0.4649754889221022,0.07929759704251386,0.27897585405097297,0.050665520551414406,0.429,0.2578125,1.9765625
