MeanRR,RMSDD,pNN50,SDRR,CVRR,NN50,MinRR,MaxRR
0.8199272260273973,1.059975661461646,0.09285714285714286,0.8284844371450887,0.10104365495449537,0.338,0.2578125,12.5703125
