MeanRR,RMSDD,pNN50,SDRR,CVRR,NN50,MinRR,MaxRR
0.6765518707482993,0.5327655573245871,0.0915909090909091,0.3592838862047769,0.05310515006150105,0.403,0.2578125,2.328125
