MeanRR,RMSDD,pNN50,SDRR,CVRR,NN50,MinRR,MaxRR
0.6523863017429193,0.19115003655459395,0.0685589519650655,0.16633444589613466,0.025496311840355095,0.314,0.3125,2.0078125
