MeanRR,RMSDD,pNN50,SDRR,CVRR,NN50,MinRR,MaxRR
0.6582074175824176,0.5229898967278744,0.09251101321585903,0.3718248177510502,0.05649052377998947,0.42,0.2578125,4.3125
