MeanRR,RMSDD,pNN50,SDRR,CVRR,NN50,MinRR,MaxRR
0.6529820261437909,0.2150296002920854,0.06681222707423581,0.1632970446002337,0.025007892723263814,0.306,0.3046875,1.7578125
