MeanRR,RMSDD,pNN50,SDRR,CVRR,NN50,MinRR,MaxRR
0.7604893718274112,0.46096344322557564,0.09033078880407125,0.32452912158918584,0.04267372215989836,0.355,0.3046875,2.109375
