MeanRR,RMSDD,pNN50,SDRR,CVRR,NN50,MinRR,MaxRR
1.181941699604743,2.5194968351593245,0.09285714285714286,1.7924237979759066,0.15165077927069642,0.234,0.2890625,20.3984375
