MeanRR,RMSDD,pNN50,SDRR,CVRR,NN50,MinRR,MaxRR
0.7447916666666666,0.49050495050723086,0.09152119700748129,0.34449778861580577,0.04625424854142287,0.367,0.3046875,2.0234375
