MeanRR,RMSDD,pNN50,SDRR,CVRR,NN50,MinRR,MaxRR
1.6030745967741937,6.475092468588665,0.09675675675675675,4.455019120355483,0.2779046670267341,0.179,0.2578125,53.7890625
