MeanRR,RMSDD,pNN50,SDRR,CVRR,NN50,MinRR,MaxRR
1.1161511479591837,4.673064712165512,0.08564102564102563,4.573041576129074,0.40971525984546187,0.167,0.2578125,64.234375
