MeanRR,RMSDD,pNN50,SDRR,CVRR,NN50,MinRR,MaxRR
0.7030149647887324,0.6637968759411205,0.09929411764705882,0.40978767849744124,0.058290036346607385,0.422,0.3046875,2.5625
