MeanRR,RMSDD,pNN50,SDRR,CVRR,NN50,MinRR,MaxRR
0.747525716957606,0.6254574741754656,0.0825,0.4129548824420021,0.05524289975236021,0.33,0.296875,2.6796875
