MeanRR,RMSDD,pNN50,SDRR,CVRR,NN50,MinRR,MaxRR
0.6765836625282167,0.5804033761100372,0.09321266968325792,0.4002270216996356,0.05915410670782259,0.412,0.2734375,4.1875
