MeanRR,RMSDD,pNN50,SDRR,CVRR,NN50,MinRR,MaxRR
0.6705612387892377,0.5482355417389249,0.0950561797752809,0.35693641442106766,0.05322950295569579,0.423,0.3046875,2.8203125
