MeanRR,RMSDD,pNN50,SDRR,CVRR,NN50,MinRR,MaxRR
0.6762133182844244,0.3481064810194682,0.06425339366515836,0.2645642839698552,0.03912438232377078,0.284,0.3046875,5.359375
