MeanRR,RMSDD,pNN50,SDRR,CVRR,NN50,MinRR,MaxRR
0.873473943148688,1.040952503267047,0.09444444444444444,0.6474624629918229,0.07412498885288533,0.323,0.2578125,6.1875
