MeanRR,RMSDD,pNN50,SDRR,CVRR,NN50,MinRR,MaxRR
1.4118779620853081,3.0190434647666633,0.09523809523809523,2.019741644940058,0.14305355697718738,0.2,0.3046875,14.6015625
