MeanRR,RMSDD,pNN50,SDRR,CVRR,NN50,MinRR,MaxRR
0.8880285608308606,1.1438890748311408,0.08898809523809523,0.7713941630697059,0.086865918180376,0.299,0.2578125,6.484375
