MeanRR,RMSDD,pNN50,SDRR,CVRR,NN50,MinRR,MaxRR
0.7803955078125,0.5902773894791082,0.09216710182767625,0.41256425817169345,0.052866047285194936,0.353,0.28125,2.109375
