MeanRR,RMSDD,pNN50,SDRR,CVRR,NN50,MinRR,MaxRR
0.7559382891414141,0.6971160030205346,0.09544303797468355,0.4481562420139882,0.059284765496268065,0.377,0.2734375,2.5625
