MeanRR,RMSDD,pNN50,SDRR,CVRR,NN50,MinRR,MaxRR
0.7562736742424242,0.7648799170975231,0.09468354430379748,0.47981511484545336,0.06344464063569244,0.374,0.3046875,2.65625
