MeanRR,RMSDD,pNN50,SDRR,CVRR,NN50,MinRR,MaxRR
0.6643223392461198,0.5543026100096785,0.09622222222222221,0.3583576521522864,0.05394333909634208,0.433,0.2578125,2.265625
