MeanRR,RMSDD,pNN50,SDRR,CVRR,NN50,MinRR,MaxRR
0.7203087439903847,0.5861895793099415,0.09108433734939758,0.4049657571132121,0.05622113579654364,0.378,0.265625,3.4453125
