MeanRR,RMSDD,pNN50,SDRR,CVRR,NN50,MinRR,MaxRR
0.9997125836120402,1.1380676460188335,0.09261744966442953,0.946182506715298,0.09464545332586155,0.276,0.2578125,13.1875
