MeanRR,RMSDD,pNN50,SDRR,CVRR,NN50,MinRR,MaxRR
0.5867953431372549,0.2967669333995845,0.08330058939096267,0.2095672549935939,0.03571385789688772,0.424,0.3046875,2.7265625
