MeanRR,RMSDD,pNN50,SDRR,CVRR,NN50,MinRR,MaxRR
0.6122507668711656,0.6283920542993603,0.08586065573770492,0.3961999306375412,0.06471203501504352,0.419,0.265625,4.4765625
