MeanRR,RMSDD,pNN50,SDRR,CVRR,NN50,MinRR,MaxRR
0.8610362787356322,0.9654889093861226,0.09654178674351584,0.620227050565942,0.07203262695001647,0.335,0.3203125,5.75
