MeanRR,RMSDD,pNN50,SDRR,CVRR,NN50,MinRR,MaxRR
0.8919968377976191,0.5765428443844518,0.09044776119402985,0.41932545665355586,0.04700974699516756,0.303,0.3046875,2.359375
