MeanRR,RMSDD,pNN50,SDRR,CVRR,NN50,MinRR,MaxRR
0.9776858660130718,0.7160018794711714,0.09278688524590165,0.5203343976929896,0.05322102075740068,0.283,0.3046875,5.2265625
