MeanRR,RMSDD,pNN50,SDRR,CVRR,NN50,MinRR,MaxRR
1.0700334821428572,2.3435079586789014,0.07275985663082438,1.8801225599595335,0.17570689061003827,0.203,0.296875,21.5859375
