MeanRR,RMSDD,MADRR,MCVNN,pNN20,pNN50,SDRR,CVRR,NN20,NN50,MinRR,MaxRR
0.4322334625090123,0.17872102094583636,0.1796875,0.055325883201153565,0.08217893217893217,0.07431457431457432,0.17278480627582032,0.03997487961085792,1.139,1.03,0.203125,0.8828125
