MeanRR,RMSDD,MADRR,MCVNN,pNN20,pNN50,SDRR,CVRR,NN20,NN50,MinRR,MaxRR
0.20636629910406618,0.032735581349031345,0.0,0.026414886285320467,0.0028955532574974144,0.0018958979662185454,0.04604869193623441,0.022314056188512173,0.084,0.055,0.203125,1.8125
