MeanRR,RMSDD,MADRR,MCVNN,pNN20,pNN50,SDRR,CVRR,NN20,NN50,MinRR,MaxRR
0.2548279120528109,0.14782357119539946,0.0,0.0326179727427598,0.04064763527907967,0.03285044737963357,0.13137150550466428,0.05155302825596226,0.954,0.771,0.203125,1.6171875
