MeanRR,RMSDD,MADRR,MCVNN,pNN20,pNN50,SDRR,CVRR,NN20,NN50,MinRR,MaxRR
0.44193303242446574,0.23627719513110235,0.1640625,0.05656742815033162,0.08576696165191741,0.06836283185840708,0.2037852815024909,0.04611225379205422,1.163,0.927,0.203125,2.5546875
