MeanRR,RMSDD,MADRR,MCVNN,pNN20,pNN50,SDRR,CVRR,NN20,NN50,MinRR,MaxRR
0.40991043946648426,0.5460788854240024,0.0625,0.05246853625170998,0.0813141683778234,0.07652292950034223,0.4498248161534733,0.10973734085400197,1.188,1.118,0.203125,9.578125
