MeanRR,RMSDD,MADRR,MCVNN,pNN20,pNN50,SDRR,CVRR,NN20,NN50,MinRR,MaxRR
0.23828901590457255,0.05838756067549275,0.0,0.03050099403578529,0.0486873508353222,0.011177406523468577,0.09752492755320508,0.04092716031537971,1.224,0.281,0.203125,0.828125
