MeanRR,RMSDD,MADRR,MCVNN,pNN20,pNN50,SDRR,CVRR,NN20,NN50,MinRR,MaxRR
0.8010374832663989,0.3013435882824388,0.125,0.10253279785809906,0.09101876675603218,0.08378016085790885,0.2820296960089894,0.0352080522947508,0.679,0.625,0.203125,1.7734375
