MeanRR,RMSDD,MADRR,MCVNN,pNN20,pNN50,SDRR,CVRR,NN20,NN50,MinRR,MaxRR
0.25909938391699094,0.10158056363018435,0.0,0.033164721141374844,0.06691176470588235,0.05255190311418685,0.09529673338607632,0.03677999227377825,1.547,1.215,0.203125,1.0390625
