MeanRR,RMSDD,MADRR,MCVNN,pNN20,pNN50,SDRR,CVRR,NN20,NN50,MinRR,MaxRR
0.37827287066246057,0.16266675809051323,0.1171875,0.04841892744479495,0.08945707070707071,0.062436868686868686,0.1862310071899527,0.04923192267629731,1.417,0.989,0.203125,0.890625
