MeanRR,RMSDD,MADRR,MCVNN,pNN20,pNN50,SDRR,CVRR,NN20,NN50,MinRR,MaxRR
0.4652198175465838,0.1394192567564683,0.03125,0.059548136645962736,0.07886557886557886,0.04351204351204351,0.14112575542330763,0.03033528454732612,1.015,0.56,0.203125,1.703125
