MeanRR,RMSDD,MADRR,MCVNN,pNN20,pNN50,SDRR,CVRR,NN20,NN50,MinRR,MaxRR
0.2345677124119029,0.11340335178562949,0.0,0.03002466718872357,0.033920877399138266,0.023619271445358404,0.09560238554565254,0.04075683927793691,0.866,0.603,0.203125,2.0625
