MeanRR,RMSDD,MADRR,MCVNN,pNN20,pNN50,SDRR,CVRR,NN20,NN50,MinRR,MaxRR
0.47197342519685037,0.15178988856722955,0.03125,0.06041259842519685,0.07872340425531915,0.04192277383766746,0.14078425828301885,0.02982885280549443,0.999,0.532,0.203125,1.6953125
