MeanRR,RMSDD,MADRR,MCVNN,pNN20,pNN50,SDRR,CVRR,NN20,NN50,MinRR,MaxRR
0.5064664273648648,0.4652484279146634,0.203125,0.0648277027027027,0.09180050718512257,0.08681318681318682,0.3686463178340017,0.07278790812493957,1.086,1.027,0.203125,3.9375
