MeanRR,RMSDD,MADRR,MCVNN,pNN20,pNN50,SDRR,CVRR,NN20,NN50,MinRR,MaxRR
0.8579555615164521,0.2979458001622915,0.1171875,0.10981831187410586,0.09240687679083096,0.0849570200573066,0.2337570810684448,0.02724582618886168,0.645,0.593,0.203125,1.8125
