MeanRR,RMSDD,MADRR,MCVNN,pNN20,pNN50,SDRR,CVRR,NN20,NN50,MinRR,MaxRR
0.9768938621533443,0.22442653159188455,0.0390625,0.12504241435562805,0.07516339869281045,0.048366013071895426,0.18346330444706316,0.01878026995099133,0.46,0.296,0.203125,3.2109375
