MeanRR,RMSDD,MADRR,MCVNN,pNN20,pNN50,SDRR,CVRR,NN20,NN50,MinRR,MaxRR
0.2936006433823529,0.134277866666438,0.0,0.03758088235294117,0.04600294261893084,0.037616478666012754,0.18760395380915293,0.06389766440832977,0.938,0.767,0.203125,1.0546875
