MeanRR,RMSDD,MADRR,MCVNN,pNN20,pNN50,SDRR,CVRR,NN20,NN50,MinRR,MaxRR
0.45588585300837775,0.19370875966390078,0.203125,0.05835338918507235,0.08178353658536586,0.06753048780487805,0.23272991428902895,0.05105004087168989,1.073,0.886,0.203125,1.0703125
