MeanRR,RMSDD,MADRR,MCVNN,pNN20,pNN50,SDRR,CVRR,NN20,NN50,MinRR,MaxRR
0.7157258064516129,0.26981470429060744,0.140625,0.09161290322580645,0.09102870813397129,0.07822966507177034,0.2553395636334602,0.03567561227104121,0.761,0.654,0.203125,2.421875
