MeanRR,RMSDD,MADRR,MCVNN,pNN20,pNN50,SDRR,CVRR,NN20,NN50,MinRR,MaxRR
0.5262291483757682,0.2613693693834355,0.1953125,0.06735733099209833,0.08330404217926185,0.06924428822495607,0.33814493069557866,0.06425811488004406,0.948,0.788,0.203125,4.5703125
