MeanRR,RMSDD,MADRR,MCVNN,pNN20,pNN50,SDRR,CVRR,NN20,NN50,MinRR,MaxRR
0.7645388233418368,0.21891172068927806,0.1796875,0.09786096938775511,0.08722860791826309,0.06845466155810984,0.29570634474026186,0.03867774084352118,0.683,0.536,0.203125,1.2265625
