MeanRR,RMSDD,MADRR,MCVNN,pNN20,pNN50,SDRR,CVRR,NN20,NN50,MinRR,MaxRR
0.22108914085545722,0.054986592858870816,0.0,0.028299410029498526,0.03146440427886389,0.017779417189229065,0.050858584376537556,0.023003655529960053,0.853,0.482,0.203125,0.890625
