MeanRR,RMSDD,MADRR,MCVNN,pNN20,pNN50,SDRR,CVRR,NN20,NN50,MinRR,MaxRR
0.295337925295858,0.16207378342586204,0.0234375,0.037803254437869825,0.07681302417365565,0.06630488406512088,0.15161263414354595,0.05133530818694088,1.557,1.344,0.203125,2.5234375
