MeanRR,RMSDD,MADRR,MCVNN,pNN20,pNN50,SDRR,CVRR,NN20,NN50,MinRR,MaxRR
0.752355527638191,0.22522648808814053,0.015625,0.09630150753768843,0.06264150943396227,0.04490566037735849,0.17580895750161027,0.023367802992491214,0.498,0.357,0.203125,1.6171875
