MeanRR,RMSDD,MADRR,MCVNN,pNN20,pNN50,SDRR,CVRR,NN20,NN50,MinRR,MaxRR
0.2374906994047619,0.06848509987225834,0.0,0.030398809523809526,0.01222707423580786,0.00813815005954744,0.18413105817346626,0.07753190277975756,0.308,0.205,0.203125,1.4375
