MeanRR,RMSDD,MADRR,MCVNN,pNN20,pNN50,SDRR,CVRR,NN20,NN50,MinRR,MaxRR
0.20860463850174216,0.04123397572150194,0.0,0.026701393728222996,0.007389334262809341,0.0043220634367375395,0.057381578242683334,0.027507335721206467,0.212,0.124,0.203125,2.1953125
