MeanRR,RMSDD,MADRR,MCVNN,pNN20,pNN50,SDRR,CVRR,NN20,NN50,MinRR,MaxRR
0.7555662831021438,0.23582467414242916,0.0234375,0.0967124842370744,0.06464646464646465,0.04166666666666667,0.18313742148731463,0.02423843223064476,0.512,0.33,0.203125,1.6328125
