MeanRR,RMSDD,MADRR,MCVNN,pNN20,pNN50,SDRR,CVRR,NN20,NN50,MinRR,MaxRR
0.25245375737774034,0.14424262501847018,0.0,0.03231408094435076,0.05141290594685787,0.03956136651202024,0.1433031566449786,0.05676412113389845,1.219,0.938,0.203125,2.0390625
