MeanRR,RMSDD,MADRR,MCVNN,pNN20,pNN50,SDRR,CVRR,NN20,NN50,MinRR,MaxRR
0.32289142434033385,0.17372224488110566,0.0234375,0.041330102315562736,0.07192887931034482,0.055064655172413796,0.24704433295314823,0.0765100322679238,1.335,1.022,0.203125,1.5
