MeanRR,RMSDD,MADRR,MCVNN,pNN20,pNN50,SDRR,CVRR,NN20,NN50,MinRR,MaxRR
0.6473407127429806,0.3764913510781561,0.359375,0.08285961123110151,0.09178378378378378,0.0814054054054054,0.381851105023375,0.05898765480165075,0.849,0.753,0.203125,1.546875
