MeanRR,RMSDD,MADRR,MCVNN,pNN20,pNN50,SDRR,CVRR,NN20,NN50,MinRR,MaxRR
0.597893818544367,0.2612691106745632,0.25,0.07653040877367896,0.09271457085828343,0.08413173652694611,0.3388001693881404,0.05666560832038433,0.929,0.843,0.203125,2.078125
