MeanRR,RMSDD,MADRR,MCVNN,pNN20,pNN50,SDRR,CVRR,NN20,NN50,MinRR,MaxRR
0.5930538366336634,0.36961672128041867,0.265625,0.07591089108910891,0.0889990089197225,0.07839444995044599,0.3764899499216973,0.06348326689171387,0.898,0.791,0.203125,1.703125
