MeanRR,RMSDD,MADRR,MCVNN,pNN20,pNN50,SDRR,CVRR,NN20,NN50,MinRR,MaxRR
0.7130276456599287,0.20332272027672943,0.0859375,0.09126753864447087,0.08833333333333333,0.07892857142857143,0.15879274123862047,0.022270208203730022,0.742,0.663,0.203125,1.578125
