MeanRR,RMSDD,MADRR,MCVNN,pNN20,pNN50,SDRR,CVRR,NN20,NN50,MinRR,MaxRR
0.20690437111264687,0.03446587391604181,0.0,0.0264837595024188,0.0010715520221223642,0.0007604562737642585,0.05433136888347406,0.02625916919555746,0.031,0.022,0.203125,1.9296875
