MeanRR,RMSDD,MADRR,MCVNN,pNN20,pNN50,SDRR,CVRR,NN20,NN50,MinRR,MaxRR
0.6500389777657267,0.38198255331816033,0.3515625,0.08320498915401302,0.09413680781758957,0.08555917480998915,0.35024818195448826,0.05388110466211417,0.867,0.788,0.203125,1.90625
