MeanRR,RMSDD,MADRR,MCVNN,pNN20,pNN50,SDRR,CVRR,NN20,NN50,MinRR,MaxRR
0.340304873723042,0.3203061158489007,0.0,0.04355902383654938,0.06422487223168655,0.05797842135150483,0.22907361154416334,0.06731423180574118,1.131,1.021,0.203125,1.6328125
