MeanRR,RMSDD,MADRR,MCVNN,pNN20,pNN50,SDRR,CVRR,NN20,NN50,MinRR,MaxRR
0.9640650120578778,0.5699926411787142,0.51953125,0.12340032154340837,0.09227053140096618,0.08631239935587762,0.5946291013237349,0.06167935708551949,0.573,0.536,0.203125,5.3984375
