MeanRR,RMSDD,MADRR,MCVNN,pNN20,pNN50,SDRR,CVRR,NN20,NN50,MinRR,MaxRR
0.616480195473251,0.09938219594919967,0.0234375,0.07890946502057614,0.0607621009268795,0.03995880535530381,0.07590334991255894,0.012312374423364972,0.59,0.388,0.2109375,1.2734375
