MeanRR,RMSDD,MADRR,MCVNN,pNN20,pNN50,SDRR,CVRR,NN20,NN50,MinRR,MaxRR
0.6389592217484009,0.1311902124397294,0.0390625,0.0817867803837953,0.07353255069370332,0.05378868729989328,0.08527487979458033,0.013345903289609067,0.689,0.504,0.203125,1.390625
