MeanRR,RMSDD,MADRR,MCVNN,pNN20,pNN50,SDRR,CVRR,NN20,NN50,MinRR,MaxRR
0.6207783385093167,0.14859720070104024,0.046875,0.07945962732919254,0.08580310880829015,0.06735751295336788,0.11302878991045864,0.018207592452706416,0.828,0.65,0.203125,1.3671875
