MeanRR,RMSDD,MADRR,MCVNN,pNN20,pNN50,SDRR,CVRR,NN20,NN50,MinRR,MaxRR
0.20889376961981165,0.04239985018703207,0.0,0.02673840251133589,0.007048150732728542,0.004082344731332868,0.05400759505837477,0.02585409567583994,0.202,0.117,0.203125,1.9921875
