MeanRR,RMSDD,MADRR,MCVNN,pNN20,pNN50,SDRR,CVRR,NN20,NN50,MinRR,MaxRR
0.5155443895098882,0.0916776015993236,0.046875,0.0659896818572657,0.0676419965576592,0.04423407917383821,0.1672434695406182,0.03244016867288796,0.786,0.514,0.203125,1.1953125
