MeanRR,RMSDD,MADRR,MCVNN,pNN20,pNN50,SDRR,CVRR,NN20,NN50,MinRR,MaxRR
0.24478954081632653,0.13229055348399205,0.0,0.0313330612244898,0.04340547162106982,0.02948142098815843,0.10891834663797044,0.0444946897137633,1.063,0.722,0.203125,1.2421875
