MeanRR,RMSDD,MADRR,MCVNN,pNN20,pNN50,SDRR,CVRR,NN20,NN50,MinRR,MaxRR
0.757260101010101,0.3678495901912515,0.34765625,0.09692929292929292,0.07294563843236411,0.0561314791403287,0.5300059655224814,0.06998994992810424,0.577,0.444,0.203125,3.5546875
