MeanRR,RMSDD,MADRR,MCVNN,pNN20,pNN50,SDRR,CVRR,NN20,NN50,MinRR,MaxRR
0.4834110383064516,0.46550293471468174,0.2265625,0.061876612903225804,0.09790153349475383,0.09523809523809523,0.2921698375046498,0.06043921515077877,1.213,1.18,0.203125,2.90625
