MeanRR,RMSDD,MADRR,MCVNN,pNN20,pNN50,SDRR,CVRR,NN20,NN50,MinRR,MaxRR
0.9441541798107255,0.22316423761168655,0.0546875,0.12085173501577287,0.08278041074249605,0.05466034755134282,0.17941068142223363,0.019002265229414127,0.524,0.346,0.203125,1.2109375
