MeanRR,RMSDD,MADRR,MCVNN,pNN20,pNN50,SDRR,CVRR,NN20,NN50,MinRR,MaxRR
0.25487739872068227,0.13265065393391207,0.0,0.03262430703624734,0.07124573378839591,0.05465017064846417,0.09596661366265022,0.037652068855198534,1.67,1.281,0.203125,1.5703125
