MeanRR,RMSDD,MADRR,MCVNN,pNN20,pNN50,SDRR,CVRR,NN20,NN50,MinRR,MaxRR
0.32174171807939916,0.23945797399046614,0.03125,0.041182939914163094,0.08770799785292539,0.07788513150831991,0.15885845816165295,0.04937452908187989,1.634,1.451,0.203125,1.375
