MeanRR,RMSDD,MADRR,MCVNN,pNN20,pNN50,SDRR,CVRR,NN20,NN50,MinRR,MaxRR
1.1752604166666667,0.5618116575936973,0.30078125,0.15043333333333334,0.09469548133595285,0.09076620825147347,0.4971445664528535,0.04230080069086987,0.482,0.462,0.203125,2.6953125
