MeanRR,RMSDD,MADRR,MCVNN,pNN20,pNN50,SDRR,CVRR,NN20,NN50,MinRR,MaxRR
0.5851211547851562,0.3347242464309022,0.125,0.0748955078125,0.08035190615835776,0.06989247311827956,0.2677592167529882,0.04576132901079325,0.822,0.715,0.203125,1.0078125
