MeanRR,RMSDD,MADRR,MCVNN,pNN20,pNN50,SDRR,CVRR,NN20,NN50,MinRR,MaxRR
0.6303151288117771,0.19754529663563708,0.0859375,0.08068033648790747,0.0916842105263158,0.07894736842105263,0.13102091298515534,0.02078657277862681,0.871,0.75,0.203125,1.1796875
