MeanRR,RMSDD,MADRR,MCVNN,pNN20,pNN50,SDRR,CVRR,NN20,NN50,MinRR,MaxRR
0.20670505521049,0.023734064636769317,0.0,0.02645824706694272,0.005177770107007249,0.003417328270624784,0.03736958959915362,0.018078701346273204,0.15,0.099,0.203125,1.0703125
