MeanRR,RMSDD,MADRR,MCVNN,pNN20,pNN50,SDRR,CVRR,NN20,NN50,MinRR,MaxRR
0.24520509410801963,0.09624267940939567,0.0,0.03138625204582651,0.03720835038886614,0.027261563651248464,0.10173361366422952,0.0414891925611517,0.909,0.666,0.203125,1.1171875
