MeanRR,RMSDD,MADRR,MCVNN,pNN20,pNN50,SDRR,CVRR,NN20,NN50,MinRR,MaxRR
0.6019076305220883,0.5735171780492612,0.24609375,0.07704417670682731,0.08984924623115577,0.08160804020100502,0.47069686106135294,0.07820084630810802,0.894,0.812,0.203125,7.3125
