MeanRR,RMSDD,MADRR,MCVNN,pNN20,pNN50,SDRR,CVRR,NN20,NN50,MinRR,MaxRR
0.21329877180491277,0.05497747418910391,0.0,0.027302242791028834,0.010434472934472933,0.006944444444444445,0.06082676579867443,0.028517166453404512,0.293,0.195,0.203125,1.0703125
