MeanRR,RMSDD,MADRR,MCVNN,pNN20,pNN50,SDRR,CVRR,NN20,NN50,MinRR,MaxRR
0.7959283455392809,0.3286478968503628,0.0625,0.10187882822902795,0.062,0.045066666666666665,0.24651377406039765,0.030971855122633223,0.465,0.338,0.5078125,2.9296875
