MeanRR,RMSDD,MADRR,MCVNN,pNN20,pNN50,SDRR,CVRR,NN20,NN50,MinRR,MaxRR
0.4463884730538922,0.3091347210108136,0.1328125,0.0571377245508982,0.08883895131086142,0.0805992509363296,0.22074571365199483,0.04945148160789187,1.186,1.076,0.140625,2.375
