MeanRR,RMSDD,MADRR,MCVNN,pNN20,pNN50,SDRR,CVRR,NN20,NN50,MinRR,MaxRR
0.46783413650668765,0.42494649828611936,0.25,0.05988276947285602,0.0988976377952756,0.09881889763779528,0.23751804251607117,0.05076971173792827,1.256,1.255,0.1796875,1.3125
