MeanRR,RMSDD,MADRR,MCVNN,pNN20,pNN50,SDRR,CVRR,NN20,NN50,MinRR,MaxRR
0.4871506605691057,0.28847002374007225,0.1875,0.06235528455284552,0.08494711147274206,0.08209926769731489,0.24763338159550866,0.05083301771698617,1.044,1.009,0.1484375,2.3125
