MeanRR,RMSDD,MADRR,MCVNN,pNN20,pNN50,SDRR,CVRR,NN20,NN50,MinRR,MaxRR
0.4054454607046071,0.24977305310780099,0.171875,0.051897018970189696,0.0872542372881356,0.08250847457627118,0.20484263460635838,0.050522858056018374,1.287,1.217,0.125,1.7578125
