MeanRR,RMSDD,MADRR,MCVNN,pNN20,pNN50,SDRR,CVRR,NN20,NN50,MinRR,MaxRR
0.46721921350507417,0.3431568229662867,0.25,0.059804059328649496,0.0971875,0.095625,0.21988729135396942,0.047062981358231615,1.244,1.224,0.1875,1.8671875
