MeanRR,RMSDD,MADRR,MCVNN,pNN20,pNN50,SDRR,CVRR,NN20,NN50,MinRR,MaxRR
0.34859302240977885,0.23837199204639492,0.1328125,0.044619906868451686,0.09749563191613278,0.0959231217239371,0.13956090470349622,0.04003548428443278,1.674,1.647,0.171875,1.4375
