MeanRR,RMSDD,MADRR,MCVNN,pNN20,pNN50,SDRR,CVRR,NN20,NN50,MinRR,MaxRR
0.4170589260808926,0.3088921979456532,0.125,0.053383542538354256,0.08778785764131193,0.08346127006280529,0.22768150641459953,0.05459216723980115,1.258,1.196,0.1171875,2.8359375
