MeanRR,RMSDD,MADRR,MCVNN,pNN20,pNN50,SDRR,CVRR,NN20,NN50,MinRR,MaxRR
0.4099261558219178,0.23417455945253032,0.1328125,0.05247054794520548,0.08642906100068541,0.07888965044551062,0.21055466211855778,0.0513640467016279,1.261,1.151,0.125,1.875
