MeanRR,RMSDD,MADRR,MCVNN,pNN20,pNN50,SDRR,CVRR,NN20,NN50,MinRR,MaxRR
0.6647388318534961,0.3515164900448306,0.0546875,0.0850865704772475,0.059,0.050111111111111106,0.2642711165764385,0.03975563092042771,0.531,0.451,0.3671875,2.5
