MeanRR,RMSDD,MADRR,MCVNN,pNN20,pNN50,SDRR,CVRR,NN20,NN50,MinRR,MaxRR
0.4224946883852691,0.31565694767124797,0.140625,0.05407932011331445,0.08816442239546421,0.08036853295535082,0.22898557824208046,0.05419845137396628,1.244,1.134,0.125,2.0
