MeanRR,RMSDD,MADRR,MCVNN,pNN20,pNN50,SDRR,CVRR,NN20,NN50,MinRR,MaxRR
0.4605769230769231,0.3419255083129374,0.234375,0.05895384615384615,0.09923017705927638,0.09899923017705928,0.21087514657182724,0.04578500050828816,1.289,1.286,0.234375,1.6875
