MeanRR,RMSDD,MADRR,MCVNN,pNN20,pNN50,SDRR,CVRR,NN20,NN50,MinRR,MaxRR
0.7970308344414894,0.3103657300944628,0.0546875,0.10201994680851063,0.07163781624500666,0.06884154460719041,0.2533292716472557,0.031784124365122395,0.538,0.517,0.1484375,2.1875
