MeanRR,RMSDD,MADRR,MCVNN,pNN20,pNN50,SDRR,CVRR,NN20,NN50,MinRR,MaxRR
0.7966045272969373,0.3370048451061201,0.0625,0.101965379494008,0.06293333333333333,0.05959999999999999,0.2565015755456347,0.03219936201166263,0.472,0.447,0.1328125,2.375
