MeanRR,RMSDD,MADRR,MCVNN,pNN20,pNN50,SDRR,CVRR,NN20,NN50,MinRR,MaxRR
0.4124655884377151,0.3467098056784457,0.171875,0.05279559532002753,0.09758953168044077,0.09662534435261708,0.21850373109629576,0.05297502075843866,1.417,1.403,0.1484375,2.6171875
