MeanRR,RMSDD,MADRR,MCVNN,pNN20,pNN50,SDRR,CVRR,NN20,NN50,MinRR,MaxRR
0.3807612841703751,0.25820804736971886,0.125,0.04873744437380801,0.09472010178117049,0.09306615776081426,0.16899787510065775,0.04438420662144792,1.489,1.463,0.1328125,1.0078125
