MeanRR,RMSDD,MADRR,MCVNN,pNN20,pNN50,SDRR,CVRR,NN20,NN50,MinRR,MaxRR
0.5057423523206751,0.3665523816459077,0.2109375,0.06473502109704642,0.09180743243243243,0.0891891891891892,0.2484504305080515,0.04912588976738832,1.087,1.056,0.1875,1.5625
