MeanRR,RMSDD,MADRR,MCVNN,pNN20,pNN50,SDRR,CVRR,NN20,NN50,MinRR,MaxRR
0.509012892614601,0.27606710977334614,0.1875,0.06515365025466893,0.08232795242141037,0.07723024638912489,0.2557887455254611,0.05025191880928082,0.969,0.909,0.125,1.5703125
