MeanRR,RMSDD,MADRR,MCVNN,pNN20,pNN50,SDRR,CVRR,NN20,NN50,MinRR,MaxRR
0.4465018656716418,0.34601451249607,0.23046875,0.05715223880597015,0.09865571321882001,0.09820761762509336,0.19737497925421976,0.04420473785866992,1.321,1.315,0.1875,1.625
