MeanRR,RMSDD,MADRR,MCVNN,pNN20,pNN50,SDRR,CVRR,NN20,NN50,MinRR,MaxRR
0.7351993865030675,0.2984421028241473,0.0625,0.09410552147239264,0.06425061425061425,0.0515970515970516,0.24432928830672263,0.03323306477020614,0.523,0.42,0.1484375,2.6875
