MeanRR,RMSDD,MADRR,MCVNN,pNN20,pNN50,SDRR,CVRR,NN20,NN50,MinRR,MaxRR
0.6181398502066116,0.37995950568528514,0.1875,0.07912190082644628,0.08728024819027923,0.08448810754912099,0.31810527013871376,0.05146169916603629,0.844,0.817,0.140625,3.875
