MeanRR,RMSDD,MADRR,MCVNN,pNN20,pNN50,SDRR,CVRR,NN20,NN50,MinRR,MaxRR
0.6602422907488986,0.49091309390123045,0.21875,0.08451101321585903,0.0977949283351709,0.09768467475192943,0.3219612087254672,0.048764099670179195,0.887,0.886,0.2578125,3.1875
