MeanRR,RMSDD,MADRR,MCVNN,pNN20,pNN50,SDRR,CVRR,NN20,NN50,MinRR,MaxRR
0.4263544018058691,0.3122422223708693,0.1640625,0.054573363431151246,0.09352409638554217,0.08697289156626506,0.2227746091542073,0.05225104002928595,1.242,1.155,0.1484375,1.4375
