MeanRR,RMSDD,MADRR,MCVNN,pNN20,pNN50,SDRR,CVRR,NN20,NN50,MinRR,MaxRR
0.8158056972789116,0.37181161966616316,0.0625,0.10442312925170069,0.06716621253405994,0.0651226158038147,0.2816183581689307,0.03452027352937812,0.493,0.478,0.1796875,3.25
