MeanRR,RMSDD,MADRR,MCVNN,pNN20,pNN50,SDRR,CVRR,NN20,NN50,MinRR,MaxRR
1.9287713762214982,19.989738784068823,0.0703125,0.24688273615635178,0.07254901960784313,0.06699346405228758,15.794561365406961,0.8188923560421569,0.222,0.205,0.3046875,271.6484375
