MeanRR,RMSDD,MADRR,MCVNN,pNN20,pNN50,SDRR,CVRR,NN20,NN50,MinRR,MaxRR
0.6853571428571429,0.5640954215086355,0.328125,0.0877257142857143,0.09702517162471397,0.09496567505720824,0.3833635874125218,0.055936323332728556,0.848,0.83,0.2578125,3.6640625
