MeanRR,RMSDD,MADRR,MCVNN,pNN20,pNN50,SDRR,CVRR,NN20,NN50,MinRR,MaxRR
0.8141316562932227,2.3099267294817727,0.0546875,0.10420885200553251,0.08296398891966758,0.08130193905817173,2.250450241175397,0.2764233799016975,0.599,0.587,0.2578125,35.671875
