MeanRR,RMSDD,MADRR,MCVNN,pNN20,pNN50,SDRR,CVRR,NN20,NN50,MinRR,MaxRR
0.8406600631136044,1.061940975835826,0.2421875,0.10760448807854138,0.09480337078651685,0.08834269662921347,0.7011816534328645,0.08340846487174078,0.675,0.629,0.2578125,6.484375
