MeanRR,RMSDD,MADRR,MCVNN,pNN20,pNN50,SDRR,CVRR,NN20,NN50,MinRR,MaxRR
0.6737819881889764,0.6897693019358124,0.15625,0.08624409448818898,0.07815315315315316,0.06283783783783783,0.5054362574848285,0.07501480691749633,0.694,0.558,0.28125,5.921875
