MeanRR,RMSDD,MADRR,MCVNN,pNN20,pNN50,SDRR,CVRR,NN20,NN50,MinRR,MaxRR
0.7403163580246913,0.6615743463720312,0.34375,0.0947604938271605,0.09851668726823239,0.09530284301606921,0.4441243372086728,0.05999115545598415,0.797,0.771,0.2578125,3.28125
