MeanRR,RMSDD,MADRR,MCVNN,pNN20,pNN50,SDRR,CVRR,NN20,NN50,MinRR,MaxRR
1.0111851812816188,1.8014838348809614,0.1875,0.1294317032040472,0.08597972972972973,0.075,1.5398583046982752,0.1522825228457753,0.509,0.444,0.296875,21.5859375
