MeanRR,RMSDD,MADRR,MCVNN,pNN20,pNN50,SDRR,CVRR,NN20,NN50,MinRR,MaxRR
3.8435496794871797,8.860106372176649,0.265625,0.4919743589743589,0.09741935483870968,0.09225806451612904,6.5303888046351055,0.16990514886505678,0.151,0.143,0.265625,34.671875
