MeanRR,RMSDD,MADRR,MCVNN,pNN20,pNN50,SDRR,CVRR,NN20,NN50,MinRR,MaxRR
0.5975003118762474,0.5753375409534613,0.0703125,0.07648003992015968,0.0939060939060939,0.08311688311688312,0.3559043325423089,0.05956554757682249,0.94,0.832,0.2578125,4.6484375
