MeanRR,RMSDD,MADRR,MCVNN,pNN20,pNN50,SDRR,CVRR,NN20,NN50,MinRR,MaxRR
0.6546124454148471,0.3451881127500105,0.109375,0.08379039301310044,0.08240437158469945,0.07508196721311475,0.2595858188355105,0.03965488597929166,0.754,0.687,0.3046875,5.359375
