MeanRR,RMSDD,MADRR,MCVNN,pNN20,pNN50,SDRR,CVRR,NN20,NN50,MinRR,MaxRR
1.5068310301507537,4.113265472323229,0.4609375,0.19287437185929648,0.09748110831234257,0.0964735516372796,2.7576117662440884,0.18300736519662708,0.387,0.383,0.296875,34.640625
