MeanRR,RMSDD,MADRR,MCVNN,pNN20,pNN50,SDRR,CVRR,NN20,NN50,MinRR,MaxRR
0.5874263261296659,0.507111426086476,0.12109375,0.07519056974459726,0.09410029498525073,0.08416912487708947,0.32740824778676936,0.055736052884102216,0.957,0.856,0.2578125,3.6484375
