MeanRR,RMSDD,MADRR,MCVNN,pNN20,pNN50,SDRR,CVRR,NN20,NN50,MinRR,MaxRR
1.192050820079523,4.855549624288003,0.3046875,0.15258250497017892,0.09262948207171315,0.08804780876494024,3.6498602697890985,0.306183277450001,0.465,0.442,0.2578125,73.5390625
