MeanRR,RMSDD,MADRR,MCVNN,pNN20,pNN50,SDRR,CVRR,NN20,NN50,MinRR,MaxRR
0.892333984375,0.6422643623254448,0.296875,0.11421875,0.09791356184798808,0.09374068554396424,0.4303523176845861,0.048227718009194655,0.657,0.629,0.2578125,1.875
