MeanRR,RMSDD,MADRR,MCVNN,pNN20,pNN50,SDRR,CVRR,NN20,NN50,MinRR,MaxRR
1.4952852244389028,3.1674906197448913,0.34375,0.19139650872817957,0.09625,0.091,2.5854708898292733,0.17290820825167028,0.385,0.364,0.2578125,23.8984375
