MeanRR,RMSDD,MADRR,MCVNN,pNN20,pNN50,SDRR,CVRR,NN20,NN50,MinRR,MaxRR
0.7289604902557857,0.6716162691350206,0.3125,0.09330694275274055,0.09829268292682927,0.095,0.4691643121401832,0.06436073263388495,0.806,0.779,0.2578125,4.046875
