MeanRR,RMSDD,MADRR,MCVNN,pNN20,pNN50,SDRR,CVRR,NN20,NN50,MinRR,MaxRR
0.6349311440677966,0.5723462929291081,0.1328125,0.08127118644067796,0.09575821845174973,0.08663838812301167,0.3716743454345538,0.058537740494718465,0.903,0.817,0.265625,3.2734375
