MeanRR,RMSDD,MADRR,MCVNN,pNN20,pNN50,SDRR,CVRR,NN20,NN50,MinRR,MaxRR
1.5727332746478873,14.898677406688234,0.171875,0.20130985915492958,0.09265536723163842,0.08389830508474576,10.530855480249212,0.6695894116316018,0.328,0.297,0.265625,174.9921875
