MeanRR,RMSDD,MADRR,MCVNN,pNN20,pNN50,SDRR,CVRR,NN20,NN50,MinRR,MaxRR
1.100272362385321,1.9376732533424592,0.109375,0.14083486238532109,0.08915441176470588,0.07959558823529411,1.6675496034207382,0.15155789242997944,0.485,0.433,0.265625,19.3671875
