MeanRR,RMSDD,MADRR,MCVNN,pNN20,pNN50,SDRR,CVRR,NN20,NN50,MinRR,MaxRR
0.8591847242120344,1.0468057794868377,0.4765625,0.10997564469914041,0.09899569583931134,0.09741750358680057,0.6552662675570028,0.07626605188516974,0.69,0.679,0.2578125,8.703125
