MeanRR,RMSDD,MADRR,MCVNN,pNN20,pNN50,SDRR,CVRR,NN20,NN50,MinRR,MaxRR
0.6170428240740741,0.25453814437703987,0.09375,0.07898148148148149,0.07590113285272915,0.07198764160659114,0.18304700356266487,0.029665202546896596,0.737,0.699,0.296875,2.375
