MeanRR,RMSDD,MADRR,MCVNN,pNN20,pNN50,SDRR,CVRR,NN20,NN50,MinRR,MaxRR
0.8899401002971769,1.1757248193699044,0.1875,0.11391233283803864,0.09449404761904762,0.08764880952380952,0.7795489192783875,0.08759566166510234,0.635,0.589,0.2578125,5.4609375
