MeanRR,RMSDD,MADRR,MCVNN,pNN20,pNN50,SDRR,CVRR,NN20,NN50,MinRR,MaxRR
0.7157164725209081,0.6278894245429988,0.328125,0.09161170848267622,0.09736842105263158,0.09581339712918661,0.4110655261012872,0.05743412955879381,0.814,0.801,0.265625,3.6953125
