MeanRR,RMSDD,MADRR,MCVNN,pNN20,pNN50,SDRR,CVRR,NN20,NN50,MinRR,MaxRR
2.5519614361702128,25.05141879453552,0.328125,0.32665106382978726,0.09444444444444444,0.08846153846153845,18.146346786722255,0.7110744907632653,0.221,0.207,0.296875,278.09375
