MeanRR,RMSDD,MADRR,MCVNN,pNN20,pNN50,SDRR,CVRR,NN20,NN50,MinRR,MaxRR
0.825789858815427,1.652894087092864,0.296875,0.10570110192837466,0.09324137931034483,0.09172413793103448,1.5494587806904925,0.18763354431515405,0.676,0.665,0.2578125,21.8828125
