MeanRR,RMSDD,MADRR,MCVNN,pNN20,pNN50,SDRR,CVRR,NN20,NN50,MinRR,MaxRR
0.9570811701277955,2.4190126835718018,0.171875,0.12250638977635782,0.09024,0.0848,1.8844958106598746,0.19690031206112277,0.564,0.53,0.2578125,28.8828125
