MeanRR,RMSDD,MADRR,MCVNN,pNN20,pNN50,SDRR,CVRR,NN20,NN50,MinRR,MaxRR
0.8524182076813657,1.0240156156539306,0.25,0.10910953058321479,0.09814814814814815,0.09202279202279202,0.6327704949216016,0.07423240015517496,0.689,0.646,0.2578125,3.734375
