MeanRR,RMSDD,MADRR,MCVNN,pNN20,pNN50,SDRR,CVRR,NN20,NN50,MinRR,MaxRR
1.6172106139053255,6.463915119419778,0.21875,0.20700295857988166,0.08783382789317506,0.08397626112759644,4.911208381707596,0.303683907308013,0.296,0.283,0.2578125,72.6171875
