MeanRR,RMSDD,MADRR,MCVNN,pNN20,pNN50,SDRR,CVRR,NN20,NN50,MinRR,MaxRR
1.049783909574468,2.2924038845749135,0.5625,0.13437234042553192,0.09822380106571936,0.09733570159857903,1.6880246516170885,0.16079734469366486,0.553,0.548,0.2734375,24.1640625
