MeanRR,RMSDD,MADRR,MCVNN,pNN20,pNN50,SDRR,CVRR,NN20,NN50,MinRR,MaxRR
0.7242225241545893,0.518901715546723,0.25390625,0.09270048309178744,0.08548972188633616,0.07581620314389359,0.39662931096642234,0.05476622139437348,0.707,0.627,0.3046875,2.390625
