MeanRR,RMSDD,MADRR,MCVNN,pNN20,pNN50,SDRR,CVRR,NN20,NN50,MinRR,MaxRR
1.7697855029585798,6.070214145166139,0.5,0.22653254437869821,0.09821958456973294,0.09614243323442136,4.14473129832815,0.23419399081975378,0.331,0.324,0.3046875,53.7890625
