MeanRR,RMSDD,MADRR,MCVNN,pNN20,pNN50,SDRR,CVRR,NN20,NN50,MinRR,MaxRR
0.8727369905385736,1.5060004356680547,0.25,0.1117103347889374,0.09154518950437318,0.08760932944606414,1.1412984907035542,0.1307723292442605,0.628,0.601,0.2578125,18.7734375
