MeanRR,RMSDD,MADRR,MCVNN,pNN20,pNN50,SDRR,CVRR,NN20,NN50,MinRR,MaxRR
0.9298330745341615,1.9861526116424333,0.5390625,0.11901863354037268,0.09953343701399689,0.09797822706065318,1.3891177023644812,0.1493943096249203,0.64,0.63,0.2578125,22.2890625
