MeanRR,RMSDD,MADRR,MCVNN,pNN20,pNN50,SDRR,CVRR,NN20,NN50,MinRR,MaxRR
1.109329044117647,5.342245467489078,0.328125,0.14199411764705883,0.09390962671905698,0.08742632612966601,3.844930469056678,0.3465996396150351,0.478,0.445,0.2734375,84.28125
