MeanRR,RMSDD,MADRR,MCVNN,pNN20,pNN50,SDRR,CVRR,NN20,NN50,MinRR,MaxRR
1.1461818833652007,3.562239652591164,0.21875,0.14671128107074569,0.096360153256705,0.0871647509578544,3.08347844538145,0.26902173992912265,0.503,0.455,0.2890625,51.1796875
