MeanRR,RMSDD,MADRR,MCVNN,pNN20,pNN50,SDRR,CVRR,NN20,NN50,MinRR,MaxRR
0.5534615384615384,0.46314846960706285,0.140625,0.07084307692307693,0.08828967642526965,0.07781201848998459,0.37203400515407814,0.06721948668523997,0.573,0.505,0.2578125,4.40625
