MeanRR,RMSDD,MADRR,MCVNN,pNN20,pNN50,SDRR,CVRR,NN20,NN50,MinRR,MaxRR
0.6436459452201934,0.4894452188435637,0.25,0.08238668098818475,0.09408602150537636,0.09215053763440861,0.33991078304378874,0.05281021119887646,0.875,0.857,0.2578125,4.3125
