MeanRR,RMSDD,MADRR,MCVNN,pNN20,pNN50,SDRR,CVRR,NN20,NN50,MinRR,MaxRR
0.7611139752538071,0.4723085357080016,0.2109375,0.0974225888324873,0.096569250317662,0.09186785260482845,0.32310880384303237,0.042452091848042335,0.76,0.723,0.2734375,2.4296875
