MeanRR,RMSDD,pNN50,SDRR,CVRR,NN50,MinRR,MaxRR
0.6260460251046026,0.45600802901219284,0.09266247379454927,0.30557325671920565,0.048810030647211455,0.442,0.2578125,2.546875
