MeanRR,RMSDD,pNN50,SDRR,CVRR,NN50,MinRR,MaxRR
0.6491847826086956,0.42946865094233005,0.0934640522875817,0.3224361177558268,0.049667849030617106,0.429,0.3046875,2.78125
