MeanRR,RMSDD,pNN50,SDRR,CVRR,NN50,MinRR,MaxRR
0.6775970804988662,0.7495355266012605,0.09136363636363637,0.501928933344329,0.07407483706612117,0.402,0.2578125,6.8984375
