MeanRR,RMSDD,pNN50,SDRR,CVRR,NN50,MinRR,MaxRR
3.11962890625,13.649009615415409,0.0936842105263158,9.78439671568306,0.3136397632449352,0.089,0.265625,84.1640625
