MeanRR,RMSDD,pNN50,SDRR,CVRR,NN50,MinRR,MaxRR
0.7537974683544304,0.7074887501123484,0.09390862944162437,0.5525509185312396,0.07330230489331306,0.37,0.2578125,5.21875
