MeanRR,RMSDD,pNN50,SDRR,CVRR,NN50,MinRR,MaxRR
0.7233656174334141,0.652364755889634,0.09563106796116505,0.43953370267139147,0.06076231605130869,0.394,0.2578125,5.0546875
