MeanRR,RMSDD,pNN50,SDRR,CVRR,NN50,MinRR,MaxRR
0.6002160571142284,0.5588541827491698,0.08694779116465864,0.3567567218117322,0.059438050279257526,0.433,0.2578125,3.2734375
