MeanRR,RMSDD,pNN50,SDRR,CVRR,NN50,MinRR,MaxRR
0.5917388613861386,0.5358562785893559,0.08194444444444444,0.32908954043836325,0.05561398142205438,0.413,0.2578125,1.890625
