MeanRR,RMSDD,pNN50,SDRR,CVRR,NN50,MinRR,MaxRR
0.6219528008298755,0.5689602352123201,0.08607068607068608,0.37227846680542603,0.059856385614582425,0.414,0.265625,2.9296875
