MeanRR,RMSDD,pNN50,SDRR,CVRR,NN50,MinRR,MaxRR
0.6229859667359667,0.5987590248102042,0.08791666666666667,0.3698825548857056,0.059372533995210974,0.422,0.265625,2.3203125
