MeanRR,RMSDD,pNN50,SDRR,CVRR,NN50,MinRR,MaxRR
0.6858731407322655,0.5408205878468036,0.09610091743119266,0.3561511767987563,0.05192668376232304,0.419,0.2578125,2.546875
