MeanRR,RMSDD,pNN50,SDRR,CVRR,NN50,MinRR,MaxRR
0.6602594988986784,0.5817600810319005,0.09646799116997794,0.3821725241767933,0.0578821697854044,0.437,0.2734375,2.671875
