MeanRR,RMSDD,pNN50,SDRR,CVRR,NN50,MinRR,MaxRR
0.615301724137931,0.41559205287849393,0.08695652173913043,0.28636580072663326,0.046540711571684004,0.1,0.3046875,1.921875
