MeanRR,RMSDD,pNN50,SDRR,CVRR,NN50,MinRR,MaxRR
0.7364724445812808,0.623636146954761,0.09308641975308643,0.402151268393545,0.05460506653744348,0.377,0.265625,2.3046875
