MeanRR,RMSDD,pNN50,SDRR,CVRR,NN50,MinRR,MaxRR
0.7414314516129031,0.6094529804837724,0.09552238805970148,0.4139277643033818,0.055828190644317446,0.384,0.2578125,2.640625
