MeanRR,RMSDD,pNN50,SDRR,CVRR,NN50,MinRR,MaxRR
0.8687273550724638,1.1257808843583479,0.09563953488372093,0.7294216770279179,0.08396439605232348,0.329,0.2578125,8.703125
