MeanRR,RMSDD,pNN50,SDRR,CVRR,NN50,MinRR,MaxRR
0.8366358240223464,0.9527734497984522,0.09775910364145658,0.572381728144247,0.06841468076186023,0.349,0.2578125,4.890625
