MeanRR,RMSDD,pNN50,SDRR,CVRR,NN50,MinRR,MaxRR
0.9526273885350318,1.596248758153268,0.09840255591054313,1.1553079409913358,0.12127595268575994,0.308,0.2890625,10.921875
