MeanRR,RMSDD,pNN50,SDRR,CVRR,NN50,MinRR,MaxRR
0.8727841739766081,1.1078595286561135,0.09589442815249268,0.7102214347650577,0.08137423385315563,0.327,0.3125,7.921875
