MeanRR,RMSDD,pNN50,SDRR,CVRR,NN50,MinRR,MaxRR
0.665607638888889,0.4042117899619077,0.08485523385300668,0.2827634297595861,0.042481998889256786,0.381,0.265625,3.0390625
