MeanRR,RMSDD,pNN50,SDRR,CVRR,NN50,MinRR,MaxRR
1.5117582070707072,3.090113957222149,0.08274111675126904,2.8342713191899174,0.18748178815458907,0.163,0.2578125,21.8828125
