MeanRR,RMSDD,pNN50,SDRR,CVRR,NN50,MinRR,MaxRR
1.6310028248587571,4.60634605916437,0.08579545454545455,4.432400184709016,0.2717591972958635,0.151,0.2578125,35.671875
