MeanRR,RMSDD,pNN50,SDRR,CVRR,NN50,MinRR,MaxRR
1.204564144736842,1.6877068037948537,0.08810572687224669,1.3821573912806702,0.11474336151543234,0.2,0.296875,12.90625
