MeanRR,RMSDD,pNN50,SDRR,CVRR,NN50,MinRR,MaxRR
2.1278459821428575,5.716012228517874,0.0841726618705036,4.004616490975605,0.18820048652876356,0.117,0.2578125,33.2734375
