MeanRR,RMSDD,pNN50,SDRR,CVRR,NN50,MinRR,MaxRR
1.200069304435484,2.1683402514567276,0.08421052631578947,1.5742869765698257,0.13118300507739217,0.208,0.2578125,13.1484375
