MeanRR,RMSDD,pNN50,SDRR,CVRR,NN50,MinRR,MaxRR
3.3092296511627906,8.56439190703941,0.08941176470588236,6.449186443308592,0.1948848258700477,0.076,0.3046875,31.703125
