MeanRR,RMSDD,pNN50,SDRR,CVRR,NN50,MinRR,MaxRR
4.277790178571428,9.220902983745923,0.08840579710144927,6.074998094825435,0.14201253079818388,0.061,0.2578125,22.0078125
