MeanRR,RMSDD,pNN50,SDRR,CVRR,NN50,MinRR,MaxRR
1.3393691588785048,1.9544635964531603,0.09061032863849765,1.4150003972292011,0.10564678063917976,0.193,0.28125,13.4375
