MeanRR,RMSDD,pNN50,SDRR,CVRR,NN50,MinRR,MaxRR
1.1184993003731343,1.3131377370121102,0.09288389513108615,0.8559782744728257,0.07652917388390579,0.248,0.2578125,5.796875
