MeanRR,RMSDD,pNN50,SDRR,CVRR,NN50,MinRR,MaxRR
1.479269801980198,2.017670415954014,0.09154228855721394,1.509119428522389,0.10201786222514872,0.184,0.2734375,8.8203125
