MeanRR,RMSDD,pNN50,SDRR,CVRR,NN50,MinRR,MaxRR
1.8737582781456954,6.376768035056369,0.09933333333333333,4.293880499434119,0.22915872071201307,0.149,0.3046875,42.546875
