MeanRR,RMSDD,pNN50,SDRR,CVRR,NN50,MinRR,MaxRR
2.2101212686567164,8.09527960587659,0.09624060150375939,5.472269382183833,0.2476004126918252,0.128,0.3046875,37.046875
