MeanRR,RMSDD,pNN50,SDRR,CVRR,NN50,MinRR,MaxRR
1.1658394607843139,2.133029878365197,0.09212598425196851,1.3625184623455058,0.11687016164548736,0.234,0.3046875,14.109375
