MeanRR,RMSDD,pNN50,SDRR,CVRR,NN50,MinRR,MaxRR
0.8030537868632708,0.8679852787132509,0.09032258064516129,0.5705799439273312,0.07105127368317597,0.336,0.296875,7.625
