MeanRR,RMSDD,pNN50,SDRR,CVRR,NN50,MinRR,MaxRR
0.7454329912935324,0.6826225789730368,0.07032418952618454,0.47004957145293763,0.06305725356175497,0.282,0.3046875,3.90625
