MeanRR,RMSDD,pNN50,SDRR,CVRR,NN50,MinRR,MaxRR
0.818391393442623,1.018724442778635,0.08438356164383562,0.6830774859306324,0.0834658687033862,0.308,0.2578125,8.296875
