MeanRR,RMSDD,pNN50,SDRR,CVRR,NN50,MinRR,MaxRR
0.74771484375,0.8081904344415121,0.06917293233082707,0.6104565714022522,0.08164296543059663,0.276,0.265625,9.0390625
