MeanRR,RMSDD,pNN50,SDRR,CVRR,NN50,MinRR,MaxRR
0.6618328263274337,0.4799247160501361,0.09113082039911308,0.3251731017030244,0.04913221115178548,0.411,0.2578125,2.2421875
