MeanRR,RMSDD,pNN50,SDRR,CVRR,NN50,MinRR,MaxRR
0.7610726781170484,0.5652151169580469,0.09056122448979592,0.399084804094508,0.05243714766924417,0.355,0.2734375,3.09375
