MeanRR,RMSDD,pNN50,SDRR,CVRR,NN50,MinRR,MaxRR
0.7824738903394256,0.7078141343178894,0.09319371727748692,0.5198563898209824,0.06643753820277332,0.356,0.296875,6.0234375
