MeanRR,RMSDD,pNN50,SDRR,CVRR,NN50,MinRR,MaxRR
2.12572030141844,9.00498269828126,0.09,6.703713376706243,0.3153619679989424,0.126,0.2578125,73.5390625
