MeanRR,RMSDD,pNN50,SDRR,CVRR,NN50,MinRR,MaxRR
0.8909040178571429,1.7060591936530614,0.0937313432835821,1.9112265090594496,0.2145266460528991,0.314,0.2578125,25.6328125
