MeanRR,RMSDD,pNN50,SDRR,CVRR,NN50,MinRR,MaxRR
0.7945478723404256,1.05908320096322,0.08693333333333332,0.7206793216256412,0.09070307110669157,0.326,0.2578125,6.625
