MeanRR,RMSDD,pNN50,SDRR,CVRR,NN50,MinRR,MaxRR
2.0109060402684564,8.875490428441688,0.0918918918918919,6.679495353126299,0.3321634735472069,0.136,0.2578125,73.1484375
