MeanRR,RMSDD,pNN50,SDRR,CVRR,NN50,MinRR,MaxRR
0.6213779885654885,0.34054346071068886,0.08625,0.25571213094405265,0.04115242825617125,0.414,0.3046875,3.6796875
