MeanRR,RMSDD,pNN50,SDRR,CVRR,NN50,MinRR,MaxRR
1.03625,2.383747190843268,0.08592964824120602,2.0547266897546588,0.19828484340213837,0.171,0.2578125,22.0078125
