MeanRR,RMSDD,pNN50,SDRR,CVRR,NN50,MinRR,MaxRR
0.7836632853403142,0.9684854627012554,0.08661417322834646,0.6235449389861496,0.07956796632566097,0.33,0.2578125,4.6640625
