MeanRR,RMSDD,pNN50,SDRR,CVRR,NN50,MinRR,MaxRR
0.6998941296728972,0.6847327360954115,0.06744730679156909,0.4975074696595265,0.07108324653216364,0.288,0.3046875,3.7265625
