MeanRR,RMSDD,pNN50,SDRR,CVRR,NN50,MinRR,MaxRR
0.7490234375,0.5361683539331639,0.08045112781954887,0.4018628922955723,0.05365157779800078,0.321,0.3046875,2.234375
