MeanRR,RMSDD,pNN50,SDRR,CVRR,NN50,MinRR,MaxRR
1.085456295289855,2.085968090088944,0.08036363636363636,1.4698146492610504,0.13540984152370303,0.221,0.2578125,13.4140625
