MeanRR,RMSDD,pNN50,SDRR,CVRR,NN50,MinRR,MaxRR
0.8727213541666666,1.3232011311149419,0.08716417910447762,0.9699438412096208,0.11114015218933067,0.292,0.2578125,13.0234375
