MeanRR,RMSDD,pNN50,SDRR,CVRR,NN50,MinRR,MaxRR
2.0249683277027026,5.884046380141063,0.08843537414965986,5.239654176297982,0.2587524014384114,0.13,0.3046875,49.7109375
