MeanRR,RMSDD,pNN50,SDRR,CVRR,NN50,MinRR,MaxRR
0.6164948453608248,0.33394713413331584,0.054752066115702484,0.24804253775330554,0.04023432468573685,0.265,0.3671875,2.25
