MeanRR,RMSDD,pNN50,SDRR,CVRR,NN50,MinRR,MaxRR
0.7231091485507246,0.3738642775183435,0.045520581113801445,0.27241548146245353,0.0376728025096123,0.188,0.5078125,2.5
