MeanRR,RMSDD,pNN50,SDRR,CVRR,NN50,MinRR,MaxRR
0.6639930555555555,0.4926868688487756,0.09175946547884188,0.363085817474172,0.05468217091071566,0.412,0.3125,3.4296875
