MeanRR,RMSDD,MADRR,MCVNN,pNN20,pNN50,SDRR,CVRR,NN20,NN50,MinRR,MaxRR
0.25087641272498956,0.17743895152309175,0.0,0.032112180828798666,0.031072026800670016,0.02751256281407035,0.12862169984576152,0.05126894890144834,0.742,0.657,0.203125,2.59375
