MeanRR,RMSDD,MADRR,MCVNN,pNN20,pNN50,SDRR,CVRR,NN20,NN50,MinRR,MaxRR
0.44311252771618626,0.19956119863149058,0.1953125,0.05671840354767184,0.08439349112426035,0.07034023668639054,0.1965603296777065,0.04435900981874371,1.141,0.951,0.203125,2.203125
