MeanRR,RMSDD,MADRR,MCVNN,pNN20,pNN50,SDRR,CVRR,NN20,NN50,MinRR,MaxRR
0.3474027737543453,0.14600202135599435,0.0546875,0.044467555040556196,0.08614492753623189,0.07397101449275363,0.10146886065850169,0.0292078441291468,1.486,1.276,0.203125,1.75
