MeanRR,RMSDD,MADRR,MCVNN,pNN20,pNN50,SDRR,CVRR,NN20,NN50,MinRR,MaxRR
0.508933308573854,0.2986957279355939,0.2265625,0.06514346349745331,0.09269328802039083,0.08309260832625319,0.2531423345681741,0.04973978521420342,1.091,0.978,0.203125,1.671875
