MeanRR,RMSDD,MADRR,MCVNN,pNN20,pNN50,SDRR,CVRR,NN20,NN50,MinRR,MaxRR
0.39743828694499667,0.29418032521900417,0.1328125,0.05087210072895958,0.08925729442970823,0.0866710875331565,0.17799470714029128,0.04478549575796777,1.346,1.307,0.203125,1.7734375
