MeanRR,RMSDD,MADRR,MCVNN,pNN20,pNN50,SDRR,CVRR,NN20,NN50,MinRR,MaxRR
0.516452680878553,0.2422031418753011,0.078125,0.06610594315245479,0.08551724137931035,0.0731896551724138,0.19484237182116249,0.03772705206790879,0.992,0.849,0.203125,3.375
