MeanRR,RMSDD,MADRR,MCVNN,pNN20,pNN50,SDRR,CVRR,NN20,NN50,MinRR,MaxRR
0.3122598032829599,0.16721392837683208,0.0859375,0.03996925482021887,0.08415015641293012,0.0751824817518248,0.11186980916018043,0.035825875756031134,1.614,1.442,0.203125,1.0078125
