MeanRR,RMSDD,MADRR,MCVNN,pNN20,pNN50,SDRR,CVRR,NN20,NN50,MinRR,MaxRR
0.6735183492688414,0.21582924950795207,0.0625,0.0862103487064117,0.08614864864864864,0.06655405405405407,0.1825066472333839,0.027097501861903184,0.765,0.591,0.203125,1.5546875
