MeanRR,RMSDD,MADRR,MCVNN,pNN20,pNN50,SDRR,CVRR,NN20,NN50,MinRR,MaxRR
0.4969035033167496,0.4007960711884648,0.2265625,0.06360364842454395,0.09784232365145228,0.09676348547717842,0.25421141431943844,0.05115911089831705,1.179,1.166,0.203125,2.5703125
