MeanRR,RMSDD,MADRR,MCVNN,pNN20,pNN50,SDRR,CVRR,NN20,NN50,MinRR,MaxRR
0.2742269661636946,0.1326309489843457,0.015625,0.03510105166895291,0.07648673376029276,0.058508691674290944,0.10633748560193858,0.038777180482849546,1.672,1.279,0.203125,1.53125
