MeanRR,RMSDD,MADRR,MCVNN,pNN20,pNN50,SDRR,CVRR,NN20,NN50,MinRR,MaxRR
0.43242694805194803,0.22853085343169005,0.125,0.05535064935064935,0.09111913357400722,0.07776173285198555,0.18701609869552036,0.04324802132198612,1.262,1.077,0.203125,1.5546875
