MeanRR,RMSDD,MADRR,MCVNN,pNN20,pNN50,SDRR,CVRR,NN20,NN50,MinRR,MaxRR
0.2977874937872763,0.18706536054491918,0.0390625,0.03811679920477137,0.09179512680258578,0.0724515166583789,0.1225941457022491,0.041168332539117274,1.846,1.457,0.203125,2.4375
