MeanRR,RMSDD,MADRR,MCVNN,pNN20,pNN50,SDRR,CVRR,NN20,NN50,MinRR,MaxRR
0.6450700431034483,0.3494426228488221,0.2265625,0.08256896551724138,0.08252427184466019,0.07022653721682848,0.33343974133721993,0.05169047065540866,0.765,0.651,0.203125,1.6875
