MeanRR,RMSDD,MADRR,MCVNN,pNN20,pNN50,SDRR,CVRR,NN20,NN50,MinRR,MaxRR
0.40779655612244897,0.3036901971376702,0.15625,0.05219795918367347,0.08904016337644656,0.08692988427501702,0.18727421472922626,0.04592344195103832,1.308,1.277,0.203125,1.546875
