MeanRR,RMSDD,MADRR,MCVNN,pNN20,pNN50,SDRR,CVRR,NN20,NN50,MinRR,MaxRR
0.7577433628318585,0.10788463865680405,0.078125,0.09699115044247787,0.08113924050632912,0.055063291139240515,0.12694568900237538,0.016753124504839026,0.641,0.435,0.203125,1.6796875
