MeanRR,RMSDD,MADRR,MCVNN,pNN20,pNN50,SDRR,CVRR,NN20,NN50,MinRR,MaxRR
0.7705618564993565,0.13269548599429418,0.0546875,0.09863191763191763,0.0788659793814433,0.05412371134020619,0.11287320154171555,0.01464816881210494,0.612,0.42,0.203125,2.234375
