MeanRR,RMSDD,MADRR,MCVNN,pNN20,pNN50,SDRR,CVRR,NN20,NN50,MinRR,MaxRR
0.3895894249512671,0.199857512713646,0.109375,0.049867446393762185,0.08868660598179454,0.07275682704811443,0.16535837206704979,0.04244426605977155,1.364,1.119,0.203125,1.40625
