MeanRR,RMSDD,MADRR,MCVNN,pNN20,pNN50,SDRR,CVRR,NN20,NN50,MinRR,MaxRR
0.25816945043103445,0.11659340297928152,0.0,0.03304568965517242,0.06218197498921949,0.04941785252263907,0.08663997992238696,0.033559346304427036,1.442,1.146,0.203125,0.8125
