MeanRR,RMSDD,MADRR,MCVNN,pNN20,pNN50,SDRR,CVRR,NN20,NN50,MinRR,MaxRR
0.6163123072970195,0.24457763742263447,0.09375,0.0788879753340185,0.08415637860082305,0.07150205761316872,0.20601447323903835,0.033426960779440316,0.818,0.695,0.203125,1.1875
