MeanRR,RMSDD,MADRR,MCVNN,pNN20,pNN50,SDRR,CVRR,NN20,NN50,MinRR,MaxRR
0.6434193743286788,0.2721236194837081,0.1328125,0.08235767991407089,0.08365591397849462,0.06559139784946237,0.26070312192734846,0.040518382306929585,0.778,0.61,0.203125,1.5625
