MeanRR,RMSDD,MADRR,MCVNN,pNN20,pNN50,SDRR,CVRR,NN20,NN50,MinRR,MaxRR
0.48123369783306585,0.20301249973881116,0.0859375,0.061597913322632425,0.0895582329317269,0.07791164658634539,0.17237592929689652,0.035819588294228655,1.115,0.97,0.203125,1.265625
