MeanRR,RMSDD,MADRR,MCVNN,pNN20,pNN50,SDRR,CVRR,NN20,NN50,MinRR,MaxRR
0.35484005177514794,0.17893457754054395,0.078125,0.04541952662721894,0.08679692125518058,0.07761989342806394,0.127162451833701,0.03583655542759312,1.466,1.311,0.203125,1.1171875
