MeanRR,RMSDD,MADRR,MCVNN,pNN20,pNN50,SDRR,CVRR,NN20,NN50,MinRR,MaxRR
0.44745379014189696,0.26325056172970324,0.109375,0.05727408513816281,0.09342301943198804,0.08692077727952167,0.1656480912213947,0.037020156018538634,1.25,1.163,0.203125,2.4375
