MeanRR,RMSDD,MADRR,MCVNN,pNN20,pNN50,SDRR,CVRR,NN20,NN50,MinRR,MaxRR
0.3033985956477733,0.1919806794694637,0.0390625,0.03883502024291498,0.09275949367088607,0.07427848101265823,0.12059282449771597,0.03974732455179742,1.832,1.467,0.203125,0.875
