MeanRR,RMSDD,MADRR,MCVNN,pNN20,pNN50,SDRR,CVRR,NN20,NN50,MinRR,MaxRR
0.27954181235431236,0.15354124691832038,0.0234375,0.03578135198135198,0.08045708955223879,0.06534514925373133,0.1021748532031841,0.03655083021128875,1.725,1.401,0.203125,1.8203125
