MeanRR,RMSDD,MADRR,MCVNN,pNN20,pNN50,SDRR,CVRR,NN20,NN50,MinRR,MaxRR
0.3099888392857143,0.20472358192775386,0.03125,0.03967857142857143,0.08560331434489901,0.0723459347488348,0.1413933388343853,0.04561239661408073,1.653,1.397,0.203125,2.6171875
