MeanRR,RMSDD,MADRR,MCVNN,pNN20,pNN50,SDRR,CVRR,NN20,NN50,MinRR,MaxRR
0.43471265409717186,0.25908447272889046,0.1171875,0.055643219724437996,0.09288824383164006,0.08105950653120464,0.1864691611500528,0.04289480864947886,1.28,1.117,0.203125,2.8203125
