MeanRR,RMSDD,MADRR,MCVNN,pNN20,pNN50,SDRR,CVRR,NN20,NN50,MinRR,MaxRR
0.3157723590621707,0.19424706104320508,0.046875,0.04041886195995785,0.08856088560885608,0.06889826041117554,0.1330408723640313,0.042131892974786186,1.68,1.307,0.203125,1.2578125
