MeanRR,RMSDD,MADRR,MCVNN,pNN20,pNN50,SDRR,CVRR,NN20,NN50,MinRR,MaxRR
0.5113987841296929,0.344029716346536,0.15625,0.06545904436860069,0.0928266438941076,0.08462852263023057,0.26378895833559424,0.051581850900274395,1.087,0.991,0.203125,2.375
