MeanRR,RMSDD,MADRR,MCVNN,pNN20,pNN50,SDRR,CVRR,NN20,NN50,MinRR,MaxRR
0.4370384299781182,0.3296506880891023,0.1796875,0.055940919037199124,0.09620437956204379,0.09058394160583941,0.22428161974426433,0.051318512139880645,1.318,1.241,0.203125,1.8828125
