MeanRR,RMSDD,MADRR,MCVNN,pNN20,pNN50,SDRR,CVRR,NN20,NN50,MinRR,MaxRR
0.683482397377423,0.17772717154791282,0.109375,0.08748574686431014,0.08207762557077626,0.06164383561643836,0.20496161308875327,0.029987840780568376,0.719,0.54,0.203125,2.515625
