MeanRR,RMSDD,MADRR,MCVNN,pNN20,pNN50,SDRR,CVRR,NN20,NN50,MinRR,MaxRR
0.35525122186018954,0.20951190847603884,0.1015625,0.045472156398104265,0.08571428571428572,0.07468879668049792,0.15547547776342532,0.04376493821733096,1.446,1.26,0.203125,1.921875
