MeanRR,RMSDD,MADRR,MCVNN,pNN20,pNN50,SDRR,CVRR,NN20,NN50,MinRR,MaxRR
0.832677764255911,0.08731136245752164,0.0390625,0.10658275382475661,0.07604456824512534,0.0479108635097493,0.07220616787019661,0.00867156191383599,0.546,0.344,0.203125,1.703125
