MeanRR,RMSDD,MADRR,MCVNN,pNN20,pNN50,SDRR,CVRR,NN20,NN50,MinRR,MaxRR
0.32632080610021785,0.14908680410974004,0.0703125,0.04176906318082788,0.08615803814713897,0.07482288828337874,0.10853764269406344,0.03326102432485716,1.581,1.373,0.203125,0.75
