MeanRR,RMSDD,MADRR,MCVNN,pNN20,pNN50,SDRR,CVRR,NN20,NN50,MinRR,MaxRR
0.4296426649928264,0.3145258472514831,0.171875,0.054994261119081775,0.08592964824120602,0.08542713567839197,0.1956291127778317,0.045532980943849714,1.197,1.19,0.203125,0.984375
