MeanRR,RMSDD,MADRR,MCVNN,pNN20,pNN50,SDRR,CVRR,NN20,NN50,MinRR,MaxRR
0.44612109084139984,0.3756880684703826,0.171875,0.05710349962769918,0.0947839046199702,0.08874813710879284,0.23264413556985328,0.052148203782761846,1.272,1.191,0.203125,2.0703125
