MeanRR,RMSDD,MADRR,MCVNN,pNN20,pNN50,SDRR,CVRR,NN20,NN50,MinRR,MaxRR
0.491297387295082,0.2051058112854483,0.078125,0.0628860655737705,0.08712059064807219,0.07473338802296965,0.1640097189275671,0.033382982114061176,1.062,0.911,0.203125,1.296875
