MeanRR,RMSDD,MADRR,MCVNN,pNN20,pNN50,SDRR,CVRR,NN20,NN50,MinRR,MaxRR
0.23051382211538463,0.09923404964967412,0.0,0.02950576923076923,0.0434397845325125,0.02562524047710658,0.07749237560700283,0.03361723600600996,1.129,0.666,0.203125,2.7578125
