MeanRR,RMSDD,MADRR,MCVNN,pNN20,pNN50,SDRR,CVRR,NN20,NN50,MinRR,MaxRR
0.6443296370967742,0.2838100450882891,0.140625,0.08247419354838709,0.08245425188374597,0.0651237890204521,0.26821708171619146,0.041627307867557695,0.766,0.605,0.203125,2.0625
