MeanRR,RMSDD,MADRR,MCVNN,pNN20,pNN50,SDRR,CVRR,NN20,NN50,MinRR,MaxRR
0.6362828772582358,0.2233198630683301,0.0546875,0.0814442082890542,0.08138297872340425,0.06138297872340426,0.20293348443501705,0.03189359507982742,0.765,0.577,0.203125,3.75
