MeanRR,RMSDD,MADRR,MCVNN,pNN20,pNN50,SDRR,CVRR,NN20,NN50,MinRR,MaxRR
0.5949990690168818,0.22595849833093998,0.1171875,0.07615988083416088,0.08707753479125249,0.07166998011928429,0.2108050438701465,0.035429474573541786,0.876,0.721,0.203125,1.6875
