MeanRR,RMSDD,MADRR,MCVNN,pNN20,pNN50,SDRR,CVRR,NN20,NN50,MinRR,MaxRR
0.6611910182119205,0.17323650067143065,0.109375,0.08463245033112582,0.08408839779005525,0.06386740331491712,0.23670951265075038,0.035800473105471284,0.761,0.578,0.203125,1.734375
