MeanRR,RMSDD,MADRR,MCVNN,pNN20,pNN50,SDRR,CVRR,NN20,NN50,MinRR,MaxRR
0.38094504926891287,0.3105122252351995,0.1015625,0.04876096630642086,0.08390585241730279,0.08295165394402035,0.1893340047016921,0.049701132765749466,1.319,1.304,0.203125,0.9375
