MeanRR,RMSDD,MADRR,MCVNN,pNN20,pNN50,SDRR,CVRR,NN20,NN50,MinRR,MaxRR
0.35254537771898886,0.2616477488195077,0.078125,0.045125808348030566,0.08435294117647057,0.08141176470588235,0.16783917678980245,0.04760782225418531,1.434,1.384,0.203125,0.9140625
