MeanRR,RMSDD,MADRR,MCVNN,pNN20,pNN50,SDRR,CVRR,NN20,NN50,MinRR,MaxRR
0.28552118088655865,0.12799361572206877,0.0,0.03654671115347951,0.03829279923700525,0.03090128755364807,0.17094974942709693,0.05987287839602258,0.803,0.648,0.203125,1.8125
