MeanRR,RMSDD,MADRR,MCVNN,pNN20,pNN50,SDRR,CVRR,NN20,NN50,MinRR,MaxRR
0.332202216066482,0.18398061345285743,0.1015625,0.04252188365650969,0.0876940133037694,0.07827050997782704,0.13214368965775636,0.03977808794367317,1.582,1.412,0.203125,0.8515625
