MeanRR,RMSDD,MADRR,MCVNN,pNN20,pNN50,SDRR,CVRR,NN20,NN50,MinRR,MaxRR
0.3258109714673913,0.17324270290277924,0.0859375,0.041703804347826084,0.08134855899945621,0.0710168569874932,0.13254265968821233,0.040680846041269,1.496,1.306,0.203125,0.828125
