MeanRR,RMSDD,MADRR,MCVNN,pNN20,pNN50,SDRR,CVRR,NN20,NN50,MinRR,MaxRR
0.44450750555967383,0.30645516434690984,0.15625,0.05689696071163825,0.09443620178041542,0.093026706231454,0.18564524366381485,0.04176425399838215,1.273,1.254,0.203125,2.1171875
