MeanRR,RMSDD,MADRR,MCVNN,pNN20,pNN50,SDRR,CVRR,NN20,NN50,MinRR,MaxRR
0.5921133893280632,0.18294666485178326,0.0546875,0.07579051383399209,0.09030662710187932,0.07319485657764589,0.15141098701202987,0.02557128241667575,0.913,0.74,0.203125,1.4453125
