MeanRR,RMSDD,MADRR,MCVNN,pNN20,pNN50,SDRR,CVRR,NN20,NN50,MinRR,MaxRR
0.21678485794426347,0.05198745096587288,0.0,0.027748461816865723,0.025126719768283852,0.014083997103548155,0.05230912047454976,0.024129508384759375,0.694,0.389,0.203125,1.5625
