MeanRR,RMSDD,MADRR,MCVNN,pNN20,pNN50,SDRR,CVRR,NN20,NN50,MinRR,MaxRR
0.8809627757352941,0.4835637119999228,0.53515625,0.11276323529411765,0.09337260677466863,0.08748159057437409,0.5608782784630894,0.06366651280980098,0.634,0.594,0.203125,2.171875
