MeanRR,RMSDD,MADRR,MCVNN,pNN20,pNN50,SDRR,CVRR,NN20,NN50,MinRR,MaxRR
0.29502092565238797,0.12457171954385922,0.046875,0.03776267848350566,0.09172413793103448,0.06694581280788178,0.09686581448118495,0.03283354028768735,1.862,1.359,0.203125,1.0703125
