MeanRR,RMSDD,MADRR,MCVNN,pNN20,pNN50,SDRR,CVRR,NN20,NN50,MinRR,MaxRR
0.7364698646986471,0.35003613386803,0.0859375,0.0942681426814268,0.087807881773399,0.0767241379310345,0.27166937257246426,0.03688805008791874,0.713,0.623,0.203125,1.75
