MeanRR,RMSDD,MADRR,MCVNN,pNN20,pNN50,SDRR,CVRR,NN20,NN50,MinRR,MaxRR
0.24613709926017263,0.13503194256313605,0.0,0.031505548705302096,0.03507401315789473,0.027919407894736844,0.17310214045168917,0.07032752923959512,0.853,0.679,0.203125,3.6171875
