MeanRR,RMSDD,MADRR,MCVNN,pNN20,pNN50,SDRR,CVRR,NN20,NN50,MinRR,MaxRR
0.8316032420249653,0.355197975701262,0.1796875,0.10644521497919555,0.09430555555555556,0.08861111111111111,0.2621931732726568,0.03152863769917645,0.679,0.638,0.203125,2.0546875
