MeanRR,RMSDD,MADRR,MCVNN,pNN20,pNN50,SDRR,CVRR,NN20,NN50,MinRR,MaxRR
0.562999295112782,0.2766813243270346,0.2421875,0.07206390977443608,0.08551269990592662,0.07403574788334902,0.3153445011604484,0.05601152681679245,0.909,0.787,0.203125,1.765625
