MeanRR,RMSDD,MADRR,MCVNN,pNN20,pNN50,SDRR,CVRR,NN20,NN50,MinRR,MaxRR
0.3212838290460879,0.09131941214642572,0.0234375,0.041124330117899247,0.058337801608579085,0.04107238605898123,0.14694423104060508,0.045736578612403815,1.088,0.766,0.203125,0.78125
