MeanRR,RMSDD,MADRR,MCVNN,pNN20,pNN50,SDRR,CVRR,NN20,NN50,MinRR,MaxRR
0.5659599268177526,0.28454234524667965,0.1796875,0.07244287063267234,0.08620037807183366,0.07362948960302458,0.2838321897928335,0.050150580693716085,0.912,0.779,0.203125,2.0625
