MeanRR,RMSDD,MADRR,MCVNN,pNN20,pNN50,SDRR,CVRR,NN20,NN50,MinRR,MaxRR
0.2539261122881356,0.10590930915166294,0.0,0.03250254237288136,0.039762611275964393,0.026833403984739296,0.12650974829876338,0.04982148041364488,0.938,0.633,0.203125,0.9296875
