MeanRR,RMSDD,MADRR,MCVNN,pNN20,pNN50,SDRR,CVRR,NN20,NN50,MinRR,MaxRR
0.7285464763061968,0.2816610228243105,0.046875,0.09325394896719319,0.07652068126520682,0.05827250608272506,0.21276076065756463,0.02920345751121917,0.629,0.479,0.203125,1.140625
