MeanRR,RMSDD,MADRR,MCVNN,pNN20,pNN50,SDRR,CVRR,NN20,NN50,MinRR,MaxRR
0.47935625,0.5075151077666942,0.2265625,0.0613576,0.09847878302642114,0.09607686148919135,0.3344652318079462,0.06977383351274677,1.23,1.2,0.203125,7.125
