MeanRR,RMSDD,MADRR,MCVNN,pNN20,pNN50,SDRR,CVRR,NN20,NN50,MinRR,MaxRR
0.4733720872827804,0.3720875014589597,0.1953125,0.06059162717219589,0.0958102766798419,0.09177865612648221,0.27683334509779717,0.05848112986273819,1.212,1.161,0.203125,2.390625
