MeanRR,RMSDD,MADRR,MCVNN,pNN20,pNN50,SDRR,CVRR,NN20,NN50,MinRR,MaxRR
0.37765172386649876,0.1788730695461479,0.109375,0.04833942065491184,0.06780088216761185,0.04801512287334593,0.1881495118179623,0.049820906387408374,1.076,0.762,0.203125,1.6640625
