MeanRR,RMSDD,MADRR,MCVNN,pNN20,pNN50,SDRR,CVRR,NN20,NN50,MinRR,MaxRR
0.8178257342896175,0.20805315694171728,0.078125,0.10468169398907104,0.0841313269493844,0.062243502051983576,0.24028487809954394,0.029380938753200397,0.615,0.455,0.203125,1.359375
