MeanRR,RMSDD,MADRR,MCVNN,pNN20,pNN50,SDRR,CVRR,NN20,NN50,MinRR,MaxRR
0.23170333655705996,0.09781925733682663,0.0,0.029658027079303675,0.017840557275541798,0.011609907120743033,0.1296895631843378,0.055972246714884946,0.461,0.3,0.203125,2.0703125
