MeanRR,RMSDD,MADRR,MCVNN,pNN20,pNN50,SDRR,CVRR,NN20,NN50,MinRR,MaxRR
0.35487241124260355,0.21920307935181294,0.1015625,0.045423668639053255,0.08448786264061575,0.07051509769094139,0.18208974876369308,0.05131132852117094,1.427,1.191,0.203125,2.3828125
