MeanRR,RMSDD,MADRR,MCVNN,pNN20,pNN50,SDRR,CVRR,NN20,NN50,MinRR,MaxRR
0.31677149366085583,0.13994893425317453,0.015625,0.04054675118858954,0.0642706131078224,0.05015856236786469,0.15546399742622993,0.04907764762212913,1.216,0.949,0.203125,1.3671875
