MeanRR,RMSDD,MADRR,MCVNN,pNN20,pNN50,SDRR,CVRR,NN20,NN50,MinRR,MaxRR
0.7259004237288135,0.2792953436199806,0.0390625,0.09291525423728814,0.0726060606060606,0.05551515151515152,0.21144493325196112,0.029128641662145394,0.599,0.458,0.203125,1.5546875
