MeanRR,RMSDD,MADRR,MCVNN,pNN20,pNN50,SDRR,CVRR,NN20,NN50,MinRR,MaxRR
0.8066747981157469,0.301735889115364,0.046875,0.10325437415881561,0.08557951482479784,0.06617250673854448,0.23224884310536392,0.028790888676311337,0.635,0.491,0.203125,1.890625
