MeanRR,RMSDD,MADRR,MCVNN,pNN20,pNN50,SDRR,CVRR,NN20,NN50,MinRR,MaxRR
0.3297545748486516,0.2555497365030588,0.03125,0.04220858558062741,0.0875,0.07665198237885462,0.1776029436998623,0.05385912956063679,1.589,1.392,0.203125,2.046875
