MeanRR,RMSDD,MADRR,MCVNN,pNN20,pNN50,SDRR,CVRR,NN20,NN50,MinRR,MaxRR
0.22624964582546278,0.08886866782835687,0.0,0.028959954665659236,0.01855631141345427,0.01235827664399093,0.10649023208284276,0.047067579573138084,0.491,0.327,0.203125,1.234375
