MeanRR,RMSDD,MADRR,MCVNN,pNN20,pNN50,SDRR,CVRR,NN20,NN50,MinRR,MaxRR
0.26236380310994306,0.1548581260251387,0.0,0.03358256679807271,0.04855390008764242,0.0371603856266433,0.13692466086706115,0.052188853509522855,1.108,0.848,0.203125,1.359375
