MeanRR,RMSDD,MADRR,MCVNN,pNN20,pNN50,SDRR,CVRR,NN20,NN50,MinRR,MaxRR
0.4004519455577822,0.344722102099482,0.15625,0.05125784903139613,0.07520053475935827,0.06644385026737967,0.28421673227962035,0.07097399211876473,1.125,0.994,0.203125,8.1953125
