MeanRR,RMSDD,MADRR,MCVNN,pNN20,pNN50,SDRR,CVRR,NN20,NN50,MinRR,MaxRR
0.6323674841772151,0.08692813341771384,0.0078125,0.08094303797468355,0.049208025343189014,0.03284054910242872,0.05924906015933752,0.009369403336167348,0.466,0.311,0.2265625,1.3046875
