MeanRR,RMSDD,MADRR,MCVNN,pNN20,pNN50,SDRR,CVRR,NN20,NN50,MinRR,MaxRR
0.5700228730988594,1.2413679898716372,0.2734375,0.072962927756654,0.09077069457659373,0.08258801141769744,0.9037908728551913,0.1585534397842394,0.954,0.868,0.203125,27.75
