MeanRR,RMSDD,MADRR,MCVNN,pNN20,pNN50,SDRR,CVRR,NN20,NN50,MinRR,MaxRR
0.20900139421401184,0.040829384836837186,0.0,0.026752178459393514,0.004567642956764296,0.00296373779637378,0.05825495506396203,0.02787299830369099,0.131,0.085,0.203125,1.4296875
