MeanRR,RMSDD,MADRR,MCVNN,pNN20,pNN50,SDRR,CVRR,NN20,NN50,MinRR,MaxRR
0.24555446026218763,0.10375669086723148,0.0,0.031430970913560015,0.053729508196721315,0.03659836065573771,0.08483254495727045,0.03454734435151029,1.311,0.893,0.203125,1.1875
