MeanRR,RMSDD,MADRR,MCVNN,pNN20,pNN50,SDRR,CVRR,NN20,NN50,MinRR,MaxRR
0.667559855233853,0.24236387516238986,0.0859375,0.08544766146993318,0.08729096989966556,0.0750278706800446,0.2021327048421727,0.03027933798855588,0.783,0.673,0.203125,2.8125
