MeanRR,RMSDD,MADRR,MCVNN,pNN20,pNN50,SDRR,CVRR,NN20,NN50,MinRR,MaxRR
0.6483444940476191,0.2380726398764313,0.125,0.08298809523809524,0.08754062838569882,0.07594799566630553,0.2418456675615476,0.03730203152520097,0.808,0.701,0.203125,2.1484375
