MeanRR,RMSDD,MADRR,MCVNN,pNN20,pNN50,SDRR,CVRR,NN20,NN50,MinRR,MaxRR
0.29356014208721215,0.15572224367153267,0.0390625,0.03757569818716316,0.0796078431372549,0.06931372549019607,0.11009786004708136,0.037504362569211795,1.624,1.414,0.203125,0.8359375
