MeanRR,RMSDD,MADRR,MCVNN,pNN20,pNN50,SDRR,CVRR,NN20,NN50,MinRR,MaxRR
0.34780126160092806,0.23123263748819145,0.0,0.04451856148491879,0.06355194428322693,0.05037724898432966,0.33386217832899706,0.0959922275129856,1.095,0.868,0.203125,2.0234375
