MeanRR,RMSDD,MADRR,MCVNN,pNN20,pNN50,SDRR,CVRR,NN20,NN50,MinRR,MaxRR
0.20726373269896195,0.03353439017403621,0.0,0.02652975778546713,0.006715126341294566,0.00380754586362063,0.04554826854185238,0.02197599548590997,0.194,0.11,0.203125,1.75
