MeanRR,RMSDD,MADRR,MCVNN,pNN20,pNN50,SDRR,CVRR,NN20,NN50,MinRR,MaxRR
0.5071179085520745,0.37846526900770455,0.125,0.06491109229466553,0.08550847457627118,0.07466101694915256,0.399765130913208,0.07883080525683253,1.009,0.881,0.203125,2.4765625
