MeanRR,RMSDD,MADRR,MCVNN,pNN20,pNN50,SDRR,CVRR,NN20,NN50,MinRR,MaxRR
0.26266919662428756,0.12074750654923007,0.0,0.03362165716790882,0.04820175438596491,0.037061403508771934,0.12267821388422702,0.04670445391421418,1.099,0.845,0.203125,1.734375
