MeanRR,RMSDD,MADRR,MCVNN,pNN20,pNN50,SDRR,CVRR,NN20,NN50,MinRR,MaxRR
0.7806498209635416,0.27055912497936396,0.1328125,0.09992317708333333,0.09217731421121252,0.08370273794002607,0.24473947170349436,0.03135073692855229,0.707,0.642,0.203125,1.4921875
