MeanRR,RMSDD,MADRR,MCVNN,pNN20,pNN50,SDRR,CVRR,NN20,NN50,MinRR,MaxRR
0.3141369827134625,0.186869308964785,0.046875,0.040209533787323205,0.09145702306079664,0.06561844863731656,0.16338414161340656,0.0520104765131828,1.745,1.252,0.203125,4.75
