MeanRR,RMSDD,MADRR,MCVNN,pNN20,pNN50,SDRR,CVRR,NN20,NN50,MinRR,MaxRR
0.9010455827067669,0.1479415785403258,0.0703125,0.11533383458646616,0.07951807228915662,0.05225903614457831,0.2057923299177659,0.022839280705373395,0.528,0.347,0.203125,1.9375
