MeanRR,RMSDD,MADRR,MCVNN,pNN20,pNN50,SDRR,CVRR,NN20,NN50,MinRR,MaxRR
0.46449578814872194,0.21240717734437106,0.125,0.05945546088303641,0.08418604651162791,0.06813953488372093,0.1904581070090949,0.04100319354200778,1.086,0.879,0.203125,1.3203125
