MeanRR,RMSDD,MADRR,MCVNN,pNN20,pNN50,SDRR,CVRR,NN20,NN50,MinRR,MaxRR
0.43182074027377526,0.1138170763502416,0.03125,0.055273054755043224,0.050180245133381395,0.036409516943042536,0.16030877606657734,0.03712391766197734,0.696,0.505,0.203125,1.125
