MeanRR,RMSDD,MADRR,MCVNN,pNN20,pNN50,SDRR,CVRR,NN20,NN50,MinRR,MaxRR
0.5364606647269471,0.2132977068286278,0.0546875,0.06866696508504924,0.08431899641577062,0.06496415770609319,0.17981408910253366,0.03351859715456625,0.941,0.725,0.203125,1.7421875
