MeanRR,RMSDD,MADRR,MCVNN,pNN20,pNN50,SDRR,CVRR,NN20,NN50,MinRR,MaxRR
0.6118887257405515,0.0934699934011501,0.0078125,0.0783217568947906,0.0640081799591002,0.04642126789366054,0.062146341808122674,0.010156477672130454,0.626,0.454,0.203125,1.1796875
