MeanRR,RMSDD,MADRR,MCVNN,pNN20,pNN50,SDRR,CVRR,NN20,NN50,MinRR,MaxRR
0.9902376033057851,0.13862131152476975,0.0546875,0.12675041322314048,0.08129139072847681,0.05529801324503312,0.13071240263750616,0.013200104924428144,0.491,0.334,0.203125,1.21875
