MeanRR,RMSDD,MADRR,MCVNN,pNN20,pNN50,SDRR,CVRR,NN20,NN50,MinRR,MaxRR
0.20714594127806563,0.036172636288635165,0.0,0.0265146804835924,0.0016931582584657915,0.0008638562543192812,0.059376365047590196,0.028664025315313996,0.049,0.025,0.203125,1.6796875
