MeanRR,RMSDD,MADRR,MCVNN,pNN20,pNN50,SDRR,CVRR,NN20,NN50,MinRR,MaxRR
0.246965206185567,0.11663312560237106,0.0,0.03161154639175258,0.047731023102310234,0.03337458745874587,0.10135031503901401,0.041038297096336905,1.157,0.809,0.203125,1.75
