MeanRR,RMSDD,MADRR,MCVNN,pNN20,pNN50,SDRR,CVRR,NN20,NN50,MinRR,MaxRR
0.48423605497170574,0.4449757627390363,0.1953125,0.06198221503637834,0.08810679611650485,0.0831715210355987,0.3266691624983992,0.06746072687988645,1.089,1.028,0.203125,1.703125
