MeanRR,RMSDD,MADRR,MCVNN,pNN20,pNN50,SDRR,CVRR,NN20,NN50,MinRR,MaxRR
0.49618429221854304,0.5210826760062097,0.2265625,0.06351158940397351,0.0988400994200497,0.09701739850869925,0.31914678705877614,0.06432021167615053,1.193,1.171,0.203125,2.9375
