MeanRR,RMSDD,MADRR,MCVNN,pNN20,pNN50,SDRR,CVRR,NN20,NN50,MinRR,MaxRR
0.3642067891859052,0.24034375154994056,0.1015625,0.04661846901579587,0.09659574468085105,0.0911854103343465,0.17465844210406162,0.04795584467122857,1.589,1.5,0.203125,3.078125
