MeanRR,RMSDD,MADRR,MCVNN,pNN20,pNN50,SDRR,CVRR,NN20,NN50,MinRR,MaxRR
0.5997716466466467,0.21579405027142512,0.0859375,0.07677077077077077,0.08787575150300601,0.07695390781563127,0.18638746700786102,0.031076405170194804,0.877,0.768,0.203125,2.5625
