MeanRR,RMSDD,MADRR,MCVNN,pNN20,pNN50,SDRR,CVRR,NN20,NN50,MinRR,MaxRR
0.24269336806960745,0.1514493739716071,0.0,0.031064751112909753,0.018663967611336034,0.013603238866396762,0.1864588454604542,0.07682898257317666,0.461,0.336,0.203125,1.46875
