MeanRR,RMSDD,MADRR,MCVNN,pNN20,pNN50,SDRR,CVRR,NN20,NN50,MinRR,MaxRR
0.6909241637831603,0.435311841498319,0.359375,0.08843829296424452,0.0941108545034642,0.08775981524249422,0.3646444053996158,0.05277632836040972,0.815,0.76,0.203125,1.78125
