MeanRR,RMSDD,MADRR,MCVNN,pNN20,pNN50,SDRR,CVRR,NN20,NN50,MinRR,MaxRR
0.38879362824675323,0.19455434805206304,0.1171875,0.049765584415584416,0.0903183885640026,0.06621182586094866,0.21497879619629484,0.05529380642520602,1.39,1.019,0.203125,3.046875
