MeanRR,RMSDD,MADRR,MCVNN,pNN20,pNN50,SDRR,CVRR,NN20,NN50,MinRR,MaxRR
0.4799151821457166,0.2247926370540814,0.109375,0.06142914331465172,0.084375,0.07315705128205127,0.18770464030225104,0.03911204464568455,1.053,0.913,0.203125,2.765625
