MeanRR,RMSDD,MADRR,MCVNN,pNN20,pNN50,SDRR,CVRR,NN20,NN50,MinRR,MaxRR
0.6327465021119324,0.22665133218771435,0.3359375,0.08099155227032735,0.08816067653276956,0.07029598308668077,0.31202704494275446,0.04931312048368417,0.834,0.665,0.203125,1.828125
