MeanRR,RMSDD,MADRR,MCVNN,pNN20,pNN50,SDRR,CVRR,NN20,NN50,MinRR,MaxRR
0.3680848817567568,0.2196813637418177,0.11328125,0.04711486486486487,0.0920098340503995,0.08463429625076829,0.15881134739586728,0.04314530568001304,1.497,1.377,0.203125,2.0234375
