MeanRR,RMSDD,MADRR,MCVNN,pNN20,pNN50,SDRR,CVRR,NN20,NN50,MinRR,MaxRR
0.2055964931153184,0.042322136674951785,0.0,0.026316351118760756,0.002307162534435262,0.0011363636363636365,0.053930969980990666,0.026231463953395817,0.067,0.033,0.203125,2.625
