MeanRR,RMSDD,MADRR,MCVNN,pNN20,pNN50,SDRR,CVRR,NN20,NN50,MinRR,MaxRR
0.6116470025510203,0.09776830585875104,0.0234375,0.07829081632653062,0.06384065372829419,0.03861082737487232,0.06868393187543208,0.011229341693651614,0.625,0.378,0.4375,1.9453125
