MeanRR,RMSDD,MADRR,MCVNN,pNN20,pNN50,SDRR,CVRR,NN20,NN50,MinRR,MaxRR
0.6446068548387096,0.09842947720053104,0.0234375,0.08250967741935485,0.06932185145317546,0.04628632938643703,0.07005760749739684,0.010868269080837857,0.644,0.43,0.203125,1.359375
