MeanRR,RMSDD,MADRR,MCVNN,pNN20,pNN50,SDRR,CVRR,NN20,NN50,MinRR,MaxRR
0.590648091133005,0.4355921071513597,0.2890625,0.07560295566502462,0.09151873767258382,0.08412228796844182,0.33556271945763083,0.0568126308194683,0.928,0.853,0.203125,3.1328125
