MeanRR,RMSDD,MADRR,MCVNN,pNN20,pNN50,SDRR,CVRR,NN20,NN50,MinRR,MaxRR
0.22808101939901104,0.08473579181373314,0.0,0.029194370483073412,0.036529680365296795,0.029223744292237442,0.07796246837880115,0.0341819185937658,0.96,0.768,0.203125,1.8671875
