MeanRR,RMSDD,MADRR,MCVNN,pNN20,pNN50,SDRR,CVRR,NN20,NN50,MinRR,MaxRR
0.4873856707317073,0.29661450808242446,0.140625,0.06238536585365853,0.08966639544344997,0.08250610252237592,0.21003884651552662,0.043094998299846886,1.102,1.014,0.203125,4.171875
