MeanRR,RMSDD,MADRR,MCVNN,pNN20,pNN50,SDRR,CVRR,NN20,NN50,MinRR,MaxRR
0.21437399337866858,0.054674511589931606,0.0,0.02743987115246958,0.01238811313999284,0.009237379162191193,0.05204662115913552,0.02427842124823451,0.346,0.258,0.203125,0.875
