MeanRR,RMSDD,MADRR,MCVNN,pNN20,pNN50,SDRR,CVRR,NN20,NN50,MinRR,MaxRR
0.22870780892448514,0.07594457026284651,0.0,0.029274599542334093,0.03788630293780999,0.02739412438000763,0.07217323990407096,0.03155696355252179,0.993,0.718,0.203125,0.9921875
