MeanRR,RMSDD,MADRR,MCVNN,pNN20,pNN50,SDRR,CVRR,NN20,NN50,MinRR,MaxRR
0.35061053749267723,0.25491331166720466,0.1328125,0.044878148799062684,0.09882766705744432,0.09794841735052755,0.14549960602406567,0.04149892557838611,1.686,1.671,0.140625,2.1796875
