MeanRR,RMSDD,MADRR,MCVNN,pNN20,pNN50,SDRR,CVRR,NN20,NN50,MinRR,MaxRR
0.44968468679669915,0.3374991392205893,0.1484375,0.05755963990997749,0.09797297297297297,0.0972972972972973,0.1918292181324274,0.042658605855340745,1.305,1.296,0.171875,1.4296875
