MeanRR,RMSDD,MADRR,MCVNN,pNN20,pNN50,SDRR,CVRR,NN20,NN50,MinRR,MaxRR
0.6064018218623481,0.3364079528177581,0.0703125,0.07761943319838056,0.0745694022289767,0.06940222897669707,0.29588610541602506,0.04879373622383188,0.736,0.685,0.140625,2.484375
