MeanRR,RMSDD,MADRR,MCVNN,pNN20,pNN50,SDRR,CVRR,NN20,NN50,MinRR,MaxRR
0.555984555984556,0.27951240032084795,0.0546875,0.07116602316602316,0.07806763285024154,0.06956521739130435,0.20308456084583382,0.03652701476324372,0.808,0.72,0.1171875,2.0703125
