MeanRR,RMSDD,MADRR,MCVNN,pNN20,pNN50,SDRR,CVRR,NN20,NN50,MinRR,MaxRR
0.3347796071029083,0.23118397560543585,0.125,0.04285178970917226,0.0940123111359821,0.09003917179630666,0.14451245858961384,0.043166446080806824,1.68,1.609,0.140625,1.8203125
