MeanRR,RMSDD,MADRR,MCVNN,pNN20,pNN50,SDRR,CVRR,NN20,NN50,MinRR,MaxRR
0.3486811009307737,0.24690924156700716,0.1328125,0.044631180919139035,0.0980791618160652,0.09668218859138533,0.14197819482934027,0.04071863787579593,1.685,1.661,0.1796875,1.1875
