MeanRR,RMSDD,MADRR,MCVNN,pNN20,pNN50,SDRR,CVRR,NN20,NN50,MinRR,MaxRR
0.45129854826546006,0.4111370376987321,0.2421875,0.05776621417797888,0.0990188679245283,0.09894339622641508,0.23890507348930162,0.052937257256315026,1.312,1.311,0.1875,2.7421875
