MeanRR,RMSDD,MADRR,MCVNN,pNN20,pNN50,SDRR,CVRR,NN20,NN50,MinRR,MaxRR
0.64312567132116,0.48651694019213554,0.21875,0.08232008592910849,0.09838709677419355,0.09795698924731183,0.3110467526350623,0.0483648478836314,0.915,0.911,0.25,2.25
