MeanRR,RMSDD,MADRR,MCVNN,pNN20,pNN50,SDRR,CVRR,NN20,NN50,MinRR,MaxRR
0.5342703683035714,0.2495346306053922,0.0625,0.06838660714285714,0.07024128686327077,0.06550491510277034,0.19668593828979675,0.036813933535995796,0.786,0.733,0.1875,1.625
