MeanRR,RMSDD,MADRR,MCVNN,pNN20,pNN50,SDRR,CVRR,NN20,NN50,MinRR,MaxRR
0.7865131578947369,0.34002001882837923,0.0625,0.10067368421052632,0.06574440052700924,0.06231884057971014,0.25954405540303577,0.03299932783041525,0.499,0.473,0.2265625,2.7578125
