MeanRR,RMSDD,MADRR,MCVNN,pNN20,pNN50,SDRR,CVRR,NN20,NN50,MinRR,MaxRR
0.4934917355371901,0.3382713248631858,0.265625,0.06316694214876033,0.0966087675765095,0.09462365591397849,0.24070560540215183,0.04877601549702386,1.168,1.144,0.234375,1.8125
