MeanRR,RMSDD,MADRR,MCVNN,pNN20,pNN50,SDRR,CVRR,NN20,NN50,MinRR,MaxRR
0.5035941442388562,0.4671670716117473,0.3125,0.0644600504625736,0.09898989898989899,0.09882154882154881,0.2610121183633261,0.05182985571800599,1.176,1.174,0.1875,1.6875
