MeanRR,RMSDD,MADRR,MCVNN,pNN20,pNN50,SDRR,CVRR,NN20,NN50,MinRR,MaxRR
0.6634828349944629,0.3330558304040909,0.125,0.08492580287929126,0.07749445676274944,0.07416851441241686,0.2910017495781737,0.043859725411072956,0.699,0.669,0.1328125,2.7578125
