MeanRR,RMSDD,MADRR,MCVNN,pNN20,pNN50,SDRR,CVRR,NN20,NN50,MinRR,MaxRR
0.7608241889312978,0.6931265062938439,0.26171875,0.0973854961832061,0.09299363057324841,0.09019108280254777,0.5013411454049762,0.06589448031472186,0.73,0.708,0.1484375,5.46875
