MeanRR,RMSDD,MADRR,MCVNN,pNN20,pNN50,SDRR,CVRR,NN20,NN50,MinRR,MaxRR
0.6070375887423934,0.3292742782322386,0.1875,0.07770081135902637,0.08050761421319796,0.07685279187817258,0.2613942450586279,0.043060635767244865,0.793,0.757,0.2265625,1.875
