MeanRR,RMSDD,MADRR,MCVNN,pNN20,pNN50,SDRR,CVRR,NN20,NN50,MinRR,MaxRR
0.4372435722100656,0.24207958730170023,0.1484375,0.055967177242888404,0.08868613138686131,0.08386861313868613,0.21118821303921353,0.048299901121874475,1.215,1.149,0.1640625,1.6875
