MeanRR,RMSDD,MADRR,MCVNN,pNN20,pNN50,SDRR,CVRR,NN20,NN50,MinRR,MaxRR
0.889452544576523,0.3188942804424561,0.0859375,0.11384992570579494,0.0599702380952381,0.05238095238095239,0.2546070918092624,0.02862514626123008,0.403,0.352,0.1640625,2.625
