MeanRR,RMSDD,MADRR,MCVNN,pNN20,pNN50,SDRR,CVRR,NN20,NN50,MinRR,MaxRR
0.3644033909149072,0.22952792753768836,0.140625,0.046643634037108125,0.09174135723431498,0.08745198463508322,0.17396821218006966,0.04774055799626009,1.433,1.366,0.1328125,1.4375
