MeanRR,RMSDD,MADRR,MCVNN,pNN20,pNN50,SDRR,CVRR,NN20,NN50,MinRR,MaxRR
0.7360929821867322,0.5572913074339866,0.3125,0.09421990171990172,0.097539975399754,0.0964329643296433,0.37994723836440014,0.05161674510680433,0.793,0.784,0.2421875,3.6953125
