MeanRR,RMSDD,MADRR,MCVNN,pNN20,pNN50,SDRR,CVRR,NN20,NN50,MinRR,MaxRR
0.4872903963414634,0.318643368755161,0.1875,0.06237317073170732,0.09023596419853538,0.08348250610252238,0.2277569183837549,0.04673946379689304,1.109,1.026,0.1484375,1.578125
