MeanRR,RMSDD,MADRR,MCVNN,pNN20,pNN50,SDRR,CVRR,NN20,NN50,MinRR,MaxRR
0.5070444915254237,0.3563826888586916,0.2265625,0.06490169491525424,0.0904156064461408,0.08863443596268024,0.2480300642071227,0.048916824529723985,1.066,1.045,0.15625,1.4453125
