MeanRR,RMSDD,MADRR,MCVNN,pNN20,pNN50,SDRR,CVRR,NN20,NN50,MinRR,MaxRR
0.8094805743243244,0.3540296223883205,0.0625,0.10361351351351351,0.0645466847090663,0.060216508795669824,0.2724974878815093,0.03366325227865581,0.477,0.445,0.234375,2.3984375
