MeanRR,RMSDD,MADRR,MCVNN,pNN20,pNN50,SDRR,CVRR,NN20,NN50,MinRR,MaxRR
0.5089930555555555,0.4423163354621433,0.3203125,0.0651511111111111,0.09706405693950176,0.09626334519572953,0.2657223226900025,0.052205490780217426,1.091,1.082,0.1484375,1.5703125
