MeanRR,RMSDD,MADRR,MCVNN,pNN20,pNN50,SDRR,CVRR,NN20,NN50,MinRR,MaxRR
3.377295197740113,14.065526426231513,0.6328125,0.4322937853107344,0.0971590909090909,0.09545454545454546,9.78245915390508,0.2896536601375836,0.171,0.168,0.2578125,121.203125
