MeanRR,RMSDD,MADRR,MCVNN,pNN20,pNN50,SDRR,CVRR,NN20,NN50,MinRR,MaxRR
0.8317982836338418,0.7077645205792049,0.4296875,0.10647018030513176,0.09680555555555556,0.09277777777777779,0.47838563009598906,0.057512216544386936,0.697,0.668,0.3046875,5.734375
