MeanRR,RMSDD,MADRR,MCVNN,pNN20,pNN50,SDRR,CVRR,NN20,NN50,MinRR,MaxRR
0.7343946047678795,1.225088847340623,0.1328125,0.09400250941028858,0.08618090452261307,0.08165829145728644,1.1728481484339752,0.15970271851393542,0.686,0.65,0.2578125,22.890625
