MeanRR,RMSDD,MADRR,MCVNN,pNN20,pNN50,SDRR,CVRR,NN20,NN50,MinRR,MaxRR
1.235875521920668,1.378714436065834,0.7265625,0.15819206680584552,0.09728033472803346,0.09246861924686194,0.9786246747954248,0.07918472835148876,0.465,0.442,0.2578125,6.3203125
