MeanRR,RMSDD,MADRR,MCVNN,pNN20,pNN50,SDRR,CVRR,NN20,NN50,MinRR,MaxRR
1.0572823660714286,2.2066419511466813,0.546875,0.13533214285714285,0.09821109123434706,0.0966010733452594,1.6513383218550866,0.156187067414262,0.549,0.54,0.2578125,23.1484375
