MeanRR,RMSDD,MADRR,MCVNN,pNN20,pNN50,SDRR,CVRR,NN20,NN50,MinRR,MaxRR
0.7337247552019583,0.9789856961100084,0.3046875,0.09391676866585066,0.09669117647058824,0.0928921568627451,0.7145932266754729,0.09739254694749676,0.789,0.758,0.2578125,15.6796875
