MeanRR,RMSDD,MADRR,MCVNN,pNN20,pNN50,SDRR,CVRR,NN20,NN50,MinRR,MaxRR
0.7061703939573459,0.612584035302652,0.265625,0.09038981042654028,0.0930011862396204,0.08884934756820878,0.4305730448418658,0.06097296750561214,0.784,0.749,0.265625,4.921875
