MeanRR,RMSDD,MADRR,MCVNN,pNN20,pNN50,SDRR,CVRR,NN20,NN50,MinRR,MaxRR
0.8133089539007092,0.8653307132488027,0.3203125,0.10410354609929078,0.09517045454545454,0.08835227272727274,0.6729098290954888,0.08273729507933578,0.67,0.622,0.265625,8.109375
