MeanRR,RMSDD,MADRR,MCVNN,pNN20,pNN50,SDRR,CVRR,NN20,NN50,MinRR,MaxRR
1.9045895034843205,8.052499795105543,0.1484375,0.24378745644599303,0.08881118881118881,0.08321678321678322,6.1022432049518684,0.3203967675863076,0.254,0.238,0.2578125,74.3046875
