MeanRR,RMSDD,MADRR,MCVNN,pNN20,pNN50,SDRR,CVRR,NN20,NN50,MinRR,MaxRR
0.8668883468335788,2.413886574177202,0.078125,0.11096170839469807,0.08584070796460178,0.0831858407079646,2.345270198288956,0.2705389000619696,0.582,0.564,0.2578125,35.8515625
