MeanRR,RMSDD,MADRR,MCVNN,pNN20,pNN50,SDRR,CVRR,NN20,NN50,MinRR,MaxRR
0.7589497626582279,0.6569212092303341,0.40234375,0.09714556962025317,0.09885931558935361,0.09455006337135614,0.409931277463303,0.05401296602656745,0.78,0.746,0.265625,2.765625
