MeanRR,RMSDD,MADRR,MCVNN,pNN20,pNN50,SDRR,CVRR,NN20,NN50,MinRR,MaxRR
0.7753197862694301,0.7956014534114654,0.33203125,0.09924093264248705,0.09883268482490273,0.0953307392996109,0.5335502044937513,0.06881679197960494,0.762,0.735,0.265625,5.0546875
