MeanRR,RMSDD,MADRR,MCVNN,pNN20,pNN50,SDRR,CVRR,NN20,NN50,MinRR,MaxRR
0.9324376947040498,0.6592087111990997,0.296875,0.11935202492211837,0.09765990639625585,0.09266770670826832,0.45708793545717674,0.04902074830879223,0.626,0.594,0.265625,2.484375
