MeanRR,RMSDD,MADRR,MCVNN,pNN20,pNN50,SDRR,CVRR,NN20,NN50,MinRR,MaxRR
2.5849609375,25.426695823475107,0.33203125,0.330875,0.09134199134199135,0.08311688311688312,18.257588407173564,0.706300359990394,0.211,0.192,0.265625,278.0859375
