MeanRR,RMSDD,MADRR,MCVNN,pNN20,pNN50,SDRR,CVRR,NN20,NN50,MinRR,MaxRR
0.6395327508004269,0.45205045695698176,0.25,0.08186019210245464,0.09423076923076923,0.09273504273504274,0.31597632865700287,0.04940737253276442,0.882,0.868,0.2578125,2.5703125
