MeanRR,RMSDD,MADRR,MCVNN,pNN20,pNN50,SDRR,CVRR,NN20,NN50,MinRR,MaxRR
0.6310444078947369,0.6028822375831857,0.140625,0.08077368421052632,0.0964172813487882,0.0875658587987355,0.3854978605942354,0.06108886407540108,0.915,0.831,0.2578125,5.03125
