MeanRR,RMSDD,MADRR,MCVNN,pNN20,pNN50,SDRR,CVRR,NN20,NN50,MinRR,MaxRR
0.6900981731875719,0.5983897292397788,0.3125,0.0883325661680092,0.09723502304147466,0.09585253456221197,0.4068661490933953,0.05895772006091185,0.844,0.832,0.2578125,3.625
