MeanRR,RMSDD,MADRR,MCVNN,pNN20,pNN50,SDRR,CVRR,NN20,NN50,MinRR,MaxRR
0.7148530727923628,0.6174480861418508,0.328125,0.09150119331742243,0.097610513739546,0.0958183990442055,0.4057889202842385,0.05676536000595811,0.817,0.802,0.3046875,3.6953125
