MeanRR,RMSDD,MADRR,MCVNN,pNN20,pNN50,SDRR,CVRR,NN20,NN50,MinRR,MaxRR
0.6195441632231404,0.7155836983239444,0.05078125,0.07930165289256198,0.0937952430196484,0.0811789038262668,0.4782335960861609,0.07719120354522913,0.907,0.785,0.2578125,6.8828125
