MeanRR,RMSDD,MADRR,MCVNN,pNN20,pNN50,SDRR,CVRR,NN20,NN50,MinRR,MaxRR
0.8843104719764012,1.0898386108111173,0.40625,0.11319174041297936,0.09867060561299851,0.09748892171344166,0.6975921085527717,0.07888542889169672,0.668,0.66,0.2578125,8.6875
