MeanRR,RMSDD,MADRR,MCVNN,pNN20,pNN50,SDRR,CVRR,NN20,NN50,MinRR,MaxRR
0.7277381674757282,0.7405087392278863,0.3359375,0.09315048543689321,0.09769137302551639,0.09380315917375455,0.5293908761650438,0.07274469030548687,0.804,0.772,0.2578125,9.5234375
