MeanRR,RMSDD,MADRR,MCVNN,pNN20,pNN50,SDRR,CVRR,NN20,NN50,MinRR,MaxRR
0.6903171802995391,0.5623743331687339,0.3125,0.08836059907834101,0.09769319492502883,0.09561707035755479,0.3655959300821781,0.05296057240289753,0.847,0.829,0.2578125,2.8125
