MeanRR,RMSDD,MADRR,MCVNN,pNN20,pNN50,SDRR,CVRR,NN20,NN50,MinRR,MaxRR
0.6448084677419355,0.6897736121547124,0.10546875,0.08253548387096774,0.09472551130247578,0.08579117330462863,0.4683284434537343,0.07263062861035012,0.88,0.797,0.2578125,6.078125
