MeanRR,RMSDD,MADRR,MCVNN,pNN20,pNN50,SDRR,CVRR,NN20,NN50,MinRR,MaxRR
0.7135416666666666,0.4715430204751813,0.1953125,0.09133333333333332,0.09451728247914185,0.08974970202622168,0.32274808625042606,0.04523184858400132,0.793,0.753,0.2578125,2.671875
