MeanRR,RMSDD,MADRR,MCVNN,pNN20,pNN50,SDRR,CVRR,NN20,NN50,MinRR,MaxRR
0.7188811450839329,0.5749410178805228,0.21875,0.0920167865707434,0.09531812725090036,0.09027611044417767,0.4098552616200612,0.057012938011082294,0.794,0.752,0.265625,6.1640625
