MeanRR,RMSDD,MADRR,MCVNN,pNN20,pNN50,SDRR,CVRR,NN20,NN50,MinRR,MaxRR
0.7394420468557337,0.6281513554179952,0.3125,0.09464858199753391,0.09728395061728395,0.09283950617283951,0.411736497434203,0.05568205097140404,0.788,0.752,0.2578125,2.9921875
