MeanRR,RMSDD,MADRR,MCVNN,pNN20,pNN50,SDRR,CVRR,NN20,NN50,MinRR,MaxRR
0.7779061284046693,0.687689636810607,0.3515625,0.09957198443579766,0.09753246753246754,0.09207792207792208,0.4649950008063462,0.05977520729396468,0.751,0.709,0.2578125,5.2265625
