MeanRR,RMSDD,MADRR,MCVNN,pNN20,pNN50,SDRR,CVRR,NN20,NN50,MinRR,MaxRR
0.6692184004474273,0.4912265071092399,0.25,0.0856599552572707,0.09473684210526315,0.09238521836506158,0.34513175118834205,0.05157236426218902,0.846,0.825,0.2578125,3.4453125
