MeanRR,RMSDD,MADRR,MCVNN,pNN20,pNN50,SDRR,CVRR,NN20,NN50,MinRR,MaxRR
0.7204140342960288,0.6707426122915647,0.2109375,0.0922129963898917,0.09867469879518073,0.0946987951807229,0.4640916957006998,0.06442013531207771,0.819,0.786,0.2578125,3.6953125
