MeanRR,RMSDD,MADRR,MCVNN,pNN20,pNN50,SDRR,CVRR,NN20,NN50,MinRR,MaxRR
0.6447748655913978,0.5801885397830084,0.1484375,0.08253118279569892,0.09526372443487621,0.08815931108719054,0.3794802109152736,0.05885468419542196,0.885,0.819,0.2578125,3.6640625
