MeanRR,RMSDD,MADRR,MCVNN,pNN20,pNN50,SDRR,CVRR,NN20,NN50,MinRR,MaxRR
0.6118542729591836,0.5931327453376982,0.08203125,0.07831734693877551,0.09550561797752809,0.086414708886619,0.3752621126924944,0.061331942797027396,0.935,0.846,0.2578125,4.03125
