MeanRR,RMSDD,MADRR,MCVNN,pNN20,pNN50,SDRR,CVRR,NN20,NN50,MinRR,MaxRR
0.6923534930715936,0.5454148032670476,0.328125,0.08862124711316398,0.09699421965317918,0.09595375722543352,0.35724383097028395,0.05159847311311865,0.839,0.83,0.2578125,2.2890625
