MeanRR,RMSDD,MADRR,MCVNN,pNN20,pNN50,SDRR,CVRR,NN20,NN50,MinRR,MaxRR
0.6377379526091587,0.5667934685249,0.1484375,0.0816304579339723,0.09690831556503199,0.09029850746268657,0.3612587989146263,0.056646902922527775,0.909,0.847,0.2578125,2.5234375
