MeanRR,RMSDD,MADRR,MCVNN,pNN20,pNN50,SDRR,CVRR,NN20,NN50,MinRR,MaxRR
0.9312670101088647,1.5392712429305426,0.484375,0.11920217729393469,0.09890965732087229,0.09797507788161994,1.1441058462977471,0.12285475957792187,0.635,0.629,0.2578125,18.015625
