MeanRR,RMSDD,MADRR,MCVNN,pNN20,pNN50,SDRR,CVRR,NN20,NN50,MinRR,MaxRR
0.7466197786783042,0.5830842410375542,0.29296875,0.09556733167082294,0.09737827715355805,0.09575530586766541,0.38949478192462345,0.052167755669977355,0.78,0.767,0.3046875,3.328125
