MeanRR,RMSDD,MADRR,MCVNN,pNN20,pNN50,SDRR,CVRR,NN20,NN50,MinRR,MaxRR
2.0262352195945947,4.429070453316617,0.29296875,0.2593581081081081,0.09355932203389832,0.0847457627118644,3.2104495252910947,0.15844406879540054,0.276,0.25,0.2578125,20.0390625
