MeanRR,RMSDD,MADRR,MCVNN,pNN20,pNN50,SDRR,CVRR,NN20,NN50,MinRR,MaxRR
0.7974048371010638,0.6497745728253667,0.4453125,0.10206781914893617,0.09800266311584553,0.09454061251664447,0.4100660618323096,0.05142507829813145,0.736,0.71,0.2578125,2.3515625
