MeanRR,RMSDD,MADRR,MCVNN,pNN20,pNN50,SDRR,CVRR,NN20,NN50,MinRR,MaxRR
0.740258487654321,0.5377283251384223,0.25,0.0947530864197531,0.09517923362175526,0.09147095179233622,0.3697634150053703,0.049950580935188,0.77,0.74,0.265625,3.4453125
