MeanRR,RMSDD,MADRR,MCVNN,pNN20,pNN50,SDRR,CVRR,NN20,NN50,MinRR,MaxRR
1.2541677562761506,4.803298103958844,0.33203125,0.1605334728033473,0.09832285115303983,0.09433962264150944,4.318177062698116,0.34430617762966254,0.469,0.45,0.2578125,53.765625
