MeanRR,RMSDD,MADRR,MCVNN,pNN20,pNN50,SDRR,CVRR,NN20,NN50,MinRR,MaxRR
0.7640226910828025,0.48338601641560874,0.2109375,0.09779490445859872,0.09604591836734694,0.09311224489795919,0.33012234266779206,0.04320844740879749,0.753,0.73,0.2734375,2.4296875
