MeanRR,RMSDD,MADRR,MCVNN,pNN20,pNN50,SDRR,CVRR,NN20,NN50,MinRR,MaxRR
1.2532304852320677,4.260512386623167,0.61328125,0.16041350210970465,0.09767441860465115,0.09619450317124736,3.0509035002779585,0.24344312847712177,0.462,0.455,0.265625,56.7421875
