MeanRR,RMSDD,MADRR,MCVNN,pNN20,pNN50,SDRR,CVRR,NN20,NN50,MinRR,MaxRR
0.8779096407624634,3.926740220397748,0.09375,0.11237243401759531,0.08384728340675476,0.07841409691629955,2.977937635962925,0.33920776099196154,0.571,0.534,0.2578125,74.3515625
