MeanRR,RMSDD,MADRR,MCVNN,pNN20,pNN50,SDRR,CVRR,NN20,NN50,MinRR,MaxRR
0.7558815416141236,0.729393914551414,0.34375,0.09675283732660782,0.09873737373737373,0.09646464646464646,0.4774072932973904,0.0631590093175084,0.782,0.764,0.2578125,3.546875
