MeanRR,RMSDD,MADRR,MCVNN,pNN20,pNN50,SDRR,CVRR,NN20,NN50,MinRR,MaxRR
3.8561154801324506,8.700243342127827,0.25,0.4935827814569536,0.09733333333333334,0.092,6.683532419089335,0.1733229321975536,0.146,0.138,0.2578125,34.671875
