MeanRR,RMSDD,MADRR,MCVNN,pNN20,pNN50,SDRR,CVRR,NN20,NN50,MinRR,MaxRR
0.7552247323677582,0.7894940578962576,0.23046875,0.09666876574307305,0.09495586380832283,0.08814627994955863,0.6440269755895405,0.08527620296152195,0.753,0.699,0.2578125,13.21875
