MeanRR,RMSDD,MADRR,MCVNN,pNN20,pNN50,SDRR,CVRR,NN20,NN50,MinRR,MaxRR
0.6322685917721519,0.4311345420428095,0.2265625,0.08093037974683544,0.09292502639915523,0.09070749736008447,0.3029473793095952,0.04791434894155981,0.88,0.859,0.2578125,2.921875
