MeanRR,RMSDD,MADRR,MCVNN,pNN20,pNN50,SDRR,CVRR,NN20,NN50,MinRR,MaxRR
0.6796130952380952,0.5056682029432428,0.2109375,0.08699047619047619,0.09230769230769231,0.08846153846153845,0.3362387109038448,0.049475019427936,0.096,0.092,0.3046875,1.921875
