MeanRR,RMSDD,MADRR,MCVNN,pNN20,pNN50,SDRR,CVRR,NN20,NN50,MinRR,MaxRR
4.774761652542373,39.266544141275595,0.29296875,0.6111694915254238,0.08974358974358976,0.08717948717948719,29.446851489046928,0.6167187732474068,0.105,0.102,0.3046875,314.5078125
