MeanRR,RMSDD,MADRR,MCVNN,pNN20,pNN50,SDRR,CVRR,NN20,NN50,MinRR,MaxRR
1.7508866947852761,15.09304804069257,0.3359375,0.22411349693251534,0.09907692307692308,0.092,10.867863388335314,0.6207062639006529,0.322,0.299,0.2578125,173.0859375
