MeanRR,RMSDD,MADRR,MCVNN,pNN20,pNN50,SDRR,CVRR,NN20,NN50,MinRR,MaxRR
0.6750898393461104,0.5464361423376928,0.21875,0.08641149943630214,0.09322799097065464,0.09029345372460497,0.3906183692568001,0.05786168691787032,0.826,0.8,0.2578125,5.3984375
