MeanRR,RMSDD,MADRR,MCVNN,pNN20,pNN50,SDRR,CVRR,NN20,NN50,MinRR,MaxRR
0.8221879286694102,0.6393230113774054,0.4140625,0.1052400548696845,0.09684065934065934,0.09107142857142857,0.4252412817979189,0.051720691458716654,0.705,0.663,0.265625,2.8828125
