MeanRR,RMSDD,MADRR,MCVNN,pNN20,pNN50,SDRR,CVRR,NN20,NN50,MinRR,MaxRR
0.7717382561132561,0.7272591616429877,0.3671875,0.09878249678249677,0.09729381443298969,0.09394329896907216,0.472673409794189,0.0612478915033625,0.755,0.729,0.2578125,3.484375
