MeanRR,RMSDD,MADRR,MCVNN,pNN20,pNN50,SDRR,CVRR,NN20,NN50,MinRR,MaxRR
0.6860413087056128,0.6137905766652969,0.3203125,0.08781328751431845,0.09919724770642202,0.0981651376146789,0.39749606348100713,0.05794054358490192,0.865,0.856,0.2578125,4.0078125
