MeanRR,RMSDD,MADRR,MCVNN,pNN20,pNN50,SDRR,CVRR,NN20,NN50,MinRR,MaxRR
0.6402991310160427,0.5692640755748275,0.1484375,0.08195828877005347,0.095610278372591,0.089186295503212,0.35962724602862767,0.05616550587191366,0.893,0.833,0.2578125,2.765625
