MeanRR,RMSDD,MADRR,MCVNN,pNN20,pNN50,SDRR,CVRR,NN20,NN50,MinRR,MaxRR
0.707705378250591,0.6669390902417218,0.26171875,0.09058628841607565,0.09822485207100591,0.09337278106508876,0.44823426104800734,0.06333628015601886,0.83,0.789,0.2578125,4.984375
