MeanRR,RMSDD,MADRR,MCVNN,pNN20,pNN50,SDRR,CVRR,NN20,NN50,MinRR,MaxRR
1.0061084312080537,1.932919539903717,0.23828125,0.12878187919463088,0.09630252100840336,0.08924369747899161,1.585040140872036,0.15754168156297507,0.573,0.531,0.296875,28.9453125
