MeanRR,RMSDD,MADRR,MCVNN,pNN20,pNN50,SDRR,CVRR,NN20,NN50,MinRR,MaxRR
1.1484075670498084,2.9553144398777036,0.58984375,0.14699616858237546,0.09961612284069098,0.09788867562380038,2.0578444152894555,0.17919112293694972,0.519,0.51,0.2578125,28.3828125
