MeanRR,RMSDD,MADRR,MCVNN,pNN20,pNN50,SDRR,CVRR,NN20,NN50,MinRR,MaxRR
0.748166354556804,0.7126400458583123,0.3515625,0.09576529338327092,0.098625,0.0945,0.4710786782379322,0.06296442968449016,0.789,0.756,0.265625,4.046875
