MeanRR,RMSDD,MADRR,MCVNN,pNN20,pNN50,SDRR,CVRR,NN20,NN50,MinRR,MaxRR
0.8785792951541851,1.0704709438192852,0.4140625,0.11245814977973567,0.09588235294117647,0.09544117647058825,0.6894245196212287,0.0784703809233564,0.652,0.649,0.2578125,7.921875
