MeanRR,RMSDD,MADRR,MCVNN,pNN20,pNN50,SDRR,CVRR,NN20,NN50,MinRR,MaxRR
0.695921148255814,0.6098812461451459,0.2734375,0.08907790697674418,0.09778812572759023,0.09429569266589057,0.4181398202614734,0.06008436750477502,0.84,0.81,0.2578125,3.6328125
