MeanRR,RMSDD,MADRR,MCVNN,pNN20,pNN50,SDRR,CVRR,NN20,NN50,MinRR,MaxRR
0.598606418918919,0.5653295028979283,0.1015625,0.07662162162162163,0.09488977955911825,0.08466933867735471,0.3597688274728472,0.06010106408858569,0.947,0.845,0.2578125,5.15625
