MeanRR,RMSDD,MADRR,MCVNN,pNN20,pNN50,SDRR,CVRR,NN20,NN50,MinRR,MaxRR
0.4717297084318361,0.3074298814250984,0.140625,0.06038140267927502,0.0916403785488959,0.08509463722397477,0.21989557266250512,0.04661473906180313,1.162,1.079,0.2109375,1.625
