MeanRR,RMSDD,MADRR,MCVNN,pNN20,pNN50,SDRR,CVRR,NN20,NN50,MinRR,MaxRR
0.8794970631424376,0.2841472125231052,0.125,0.11257562408223201,0.06941176470588235,0.06205882352941177,0.27892510082629307,0.031714159434449433,0.472,0.422,0.1171875,2.2578125
