MeanRR,RMSDD,MADRR,MCVNN,pNN20,pNN50,SDRR,CVRR,NN20,NN50,MinRR,MaxRR
0.49031915438165435,0.44489887678672113,0.2890625,0.06276085176085176,0.09893442622950821,0.09885245901639345,0.25227141251889645,0.05145045023522242,1.207,1.206,0.1953125,1.8046875
