MeanRR,RMSDD,MADRR,MCVNN,pNN20,pNN50,SDRR,CVRR,NN20,NN50,MinRR,MaxRR
0.49786341438071485,0.370076127658855,0.2109375,0.0637265170407315,0.09276206322795341,0.09126455906821962,0.25244961709441394,0.05070660140963207,1.115,1.097,0.1640625,1.5703125
