MeanRR,RMSDD,MADRR,MCVNN,pNN20,pNN50,SDRR,CVRR,NN20,NN50,MinRR,MaxRR
0.5224967277486912,0.43768229836179473,0.3359375,0.06687958115183246,0.09641921397379911,0.0948471615720524,0.27213981510829327,0.05208450132900856,1.104,1.086,0.15625,1.75
