MeanRR,RMSDD,MADRR,MCVNN,pNN20,pNN50,SDRR,CVRR,NN20,NN50,MinRR,MaxRR
0.9475039619651348,0.30506088486920535,0.1171875,0.12128050713153725,0.0707936507936508,0.0626984126984127,0.24718218967496838,0.026087720959214727,0.446,0.395,0.1796875,2.875
