MeanRR,RMSDD,MADRR,MCVNN,pNN20,pNN50,SDRR,CVRR,NN20,NN50,MinRR,MaxRR
0.6916047199769053,0.6003319206243495,0.3125,0.08852540415704388,0.09526011560693641,0.09352601156069365,0.4203821079564914,0.06078357995742556,0.824,0.809,0.109375,3.046875
