MeanRR,RMSDD,MADRR,MCVNN,pNN20,pNN50,SDRR,CVRR,NN20,NN50,MinRR,MaxRR
0.3852893890675241,0.3052667059086951,0.1328125,0.04931704180064309,0.09871299871299871,0.0981981981981982,0.18953267240614685,0.049192289687720984,1.534,1.526,0.1875,1.4453125
