MeanRR,RMSDD,MADRR,MCVNN,pNN20,pNN50,SDRR,CVRR,NN20,NN50,MinRR,MaxRR
0.44595772879464285,0.34307493854478965,0.1484375,0.05708258928571428,0.0892777364110201,0.08168279970215934,0.24587907393590852,0.05513506282321487,1.199,1.097,0.1328125,4.3203125
