MeanRR,RMSDD,MADRR,MCVNN,pNN20,pNN50,SDRR,CVRR,NN20,NN50,MinRR,MaxRR
0.577936656219865,0.31445905003380964,0.0546875,0.07397589199614273,0.07277992277992279,0.06698841698841698,0.23298766891797565,0.04031370331168956,0.754,0.694,0.125,2.75
