MeanRR,RMSDD,MADRR,MCVNN,pNN20,pNN50,SDRR,CVRR,NN20,NN50,MinRR,MaxRR
0.3901824951171875,0.29092287489000074,0.1484375,0.049943359375,0.09302931596091206,0.08964169381107491,0.20124846445404224,0.05157803514317044,1.428,1.376,0.140625,2.25
