MeanRR,RMSDD,MADRR,MCVNN,pNN20,pNN50,SDRR,CVRR,NN20,NN50,MinRR,MaxRR
0.4159275242886884,0.35677487262007807,0.171875,0.05323872310895211,0.09729166666666667,0.09611111111111112,0.2228434770406665,0.053577477812214835,1.401,1.384,0.1328125,2.6328125
