MeanRR,RMSDD,MADRR,MCVNN,pNN20,pNN50,SDRR,CVRR,NN20,NN50,MinRR,MaxRR
0.45678636276758405,0.3872525614800965,0.21875,0.05846865443425077,0.09801071155317521,0.09739862280030605,0.23232410863492892,0.050860561429049704,1.281,1.273,0.1796875,1.5
