MeanRR,RMSDD,MADRR,MCVNN,pNN20,pNN50,SDRR,CVRR,NN20,NN50,MinRR,MaxRR
0.7728621608527132,0.34044703338794186,0.03125,0.0989263565891473,0.056921086675291076,0.04333764553686934,0.24220083437123527,0.03133816696421139,0.44,0.335,0.5859375,2.3671875
