MeanRR,RMSDD,MADRR,MCVNN,pNN20,pNN50,SDRR,CVRR,NN20,NN50,MinRR,MaxRR
0.46650741029641185,0.42887182177995437,0.2578125,0.05971294851794072,0.09890710382513662,0.09875097580015613,0.24088588957204984,0.05163602640716779,1.267,1.265,0.1875,2.7421875
