MeanRR,RMSDD,MADRR,MCVNN,pNN20,pNN50,SDRR,CVRR,NN20,NN50,MinRR,MaxRR
0.38306226023017903,0.28015202691910013,0.125,0.049031969309462915,0.0925783749200256,0.08989123480486244,0.19385244834148857,0.05060598980045808,1.447,1.405,0.171875,2.125
