MeanRR,RMSDD,MADRR,MCVNN,pNN20,pNN50,SDRR,CVRR,NN20,NN50,MinRR,MaxRR
0.4262535561877667,0.29487939028591237,0.1796875,0.05456045519203414,0.09231316725978649,0.08967971530249111,0.2042815377418297,0.04792488761122329,1.297,1.26,0.140625,1.3203125
