MeanRR,RMSDD,MADRR,MCVNN,pNN20,pNN50,SDRR,CVRR,NN20,NN50,MinRR,MaxRR
0.43704312865497075,0.33810627940717264,0.20703125,0.05594152046783626,0.09956108266276517,0.09897585954645209,0.189150265179226,0.04327954217272526,1.361,1.353,0.1953125,1.6875
