MeanRR,RMSDD,MADRR,MCVNN,pNN20,pNN50,SDRR,CVRR,NN20,NN50,MinRR,MaxRR
0.3953609416226913,0.3497769333324898,0.1640625,0.05060620052770449,0.09980198019801981,0.09973597359735975,0.20551771890113624,0.051982302059890885,1.512,1.511,0.1796875,2.25
