MeanRR,RMSDD,MADRR,MCVNN,pNN20,pNN50,SDRR,CVRR,NN20,NN50,MinRR,MaxRR
0.5096394026360545,0.31646315074783987,0.21875,0.06523384353741497,0.08893617021276595,0.08314893617021277,0.2933839648984617,0.05756697056408218,1.045,0.977,0.1328125,2.625
