MeanRR,RMSDD,MADRR,MCVNN,pNN20,pNN50,SDRR,CVRR,NN20,NN50,MinRR,MaxRR
0.45880192381317,0.34793977431608114,0.203125,0.058726646248085754,0.09655172413793103,0.09409961685823753,0.24827792049838043,0.05411440266747495,1.26,1.228,0.1875,3.0625
