MeanRR,RMSDD,MADRR,MCVNN,pNN20,pNN50,SDRR,CVRR,NN20,NN50,MinRR,MaxRR
0.8326668984700974,0.377411888139033,0.1171875,0.10658136300417245,0.06727019498607241,0.06350974930362116,0.2857291570997202,0.03431494125978892,0.483,0.456,0.1796875,2.6875
