MeanRR,RMSDD,MADRR,MCVNN,pNN20,pNN50,SDRR,CVRR,NN20,NN50,MinRR,MaxRR
0.45236971299093653,0.34909870640965346,0.234375,0.057903323262839874,0.0981103552532124,0.09667422524565382,0.21959781409543222,0.04854388076591502,1.298,1.279,0.1640625,2.5
