MeanRR,RMSDD,MADRR,MCVNN,pNN20,pNN50,SDRR,CVRR,NN20,NN50,MinRR,MaxRR
0.74687695802005,0.7277575134935552,0.328125,0.09560025062656642,0.09661229611041405,0.09535759096612295,0.5025005141333935,0.06728022718300324,0.77,0.76,0.203125,5.296875
