MeanRR,RMSDD,MADRR,MCVNN,pNN20,pNN50,SDRR,CVRR,NN20,NN50,MinRR,MaxRR
0.40397788323782235,0.320623305696055,0.14453125,0.05170916905444126,0.09706093189964157,0.09519713261648745,0.20918361459145116,0.051780957144206934,1.354,1.328,0.1640625,1.3046875
