MeanRR,RMSDD,MADRR,MCVNN,pNN20,pNN50,SDRR,CVRR,NN20,NN50,MinRR,MaxRR
0.7600190839694657,0.35060877802318474,0.0625,0.0972824427480916,0.0621656050955414,0.060254777070063686,0.25984294683499165,0.034189002923172784,0.488,0.473,0.25,2.8671875
