MeanRR,RMSDD,MADRR,MCVNN,pNN20,pNN50,SDRR,CVRR,NN20,NN50,MinRR,MaxRR
0.8579982987106017,0.2348663623257387,0.0625,0.10982378223495702,0.06054519368723099,0.048493543758967,0.1936741555120014,0.022572790156233938,0.422,0.338,0.15625,1.9765625
