MeanRR,RMSDD,MADRR,MCVNN,pNN20,pNN50,SDRR,CVRR,NN20,NN50,MinRR,MaxRR
0.41030906829100894,0.31487323748867346,0.140625,0.052519560741249145,0.0985576923076923,0.09642857142857143,0.1947710657807083,0.04746935440446279,1.435,1.404,0.1796875,3.0625
