MeanRR,RMSDD,MADRR,MCVNN,pNN20,pNN50,SDRR,CVRR,NN20,NN50,MinRR,MaxRR
0.4890242346938775,0.44676724108468213,0.3125,0.06259510204081632,0.09934640522875818,0.09885620915032681,0.2543078667024266,0.05200312145299299,1.216,1.21,0.1796875,1.828125
