MeanRR,RMSDD,MADRR,MCVNN,pNN20,pNN50,SDRR,CVRR,NN20,NN50,MinRR,MaxRR
0.7026654411764706,1.5128142683338797,0.0859375,0.08994117647058823,0.08449519230769231,0.08052884615384616,1.0633928549498706,0.15133700800333016,0.703,0.67,0.2578125,22.8984375
