MeanRR,RMSDD,MADRR,MCVNN,pNN20,pNN50,SDRR,CVRR,NN20,NN50,MinRR,MaxRR
4.039432010135135,14.089229412566118,0.8828125,0.5170472972972973,0.09931972789115646,0.09727891156462584,10.700941798045823,0.26491204137603086,0.146,0.143,0.3125,98.6171875
