MeanRR,RMSDD,MADRR,MCVNN,pNN20,pNN50,SDRR,CVRR,NN20,NN50,MinRR,MaxRR
0.8309964459084604,0.6718791636256649,0.3515625,0.10636754507628293,0.09763888888888889,0.09472222222222221,0.42322852257024807,0.05093024460622896,0.703,0.682,0.2578125,3.265625
