MeanRR,RMSDD,MADRR,MCVNN,pNN20,pNN50,SDRR,CVRR,NN20,NN50,MinRR,MaxRR
0.7505182259073843,0.657290364163132,0.078125,0.09606633291614519,0.0799498746867168,0.07656641604010025,0.4429768016674731,0.05902279070330498,0.638,0.611,0.296875,3.90625
