MeanRR,RMSDD,MADRR,MCVNN,pNN20,pNN50,SDRR,CVRR,NN20,NN50,MinRR,MaxRR
0.6647569444444444,0.4793977595424464,0.25,0.0850888888888889,0.09566184649610679,0.09276974416017798,0.3395677625700741,0.051081491574918425,0.86,0.834,0.2578125,2.78125
