MeanRR,RMSDD,MADRR,MCVNN,pNN20,pNN50,SDRR,CVRR,NN20,NN50,MinRR,MaxRR
0.8783613252569751,1.4819672870918372,0.1953125,0.1124302496328928,0.09058823529411765,0.08691176470588234,1.0749262767245573,0.12237859817086946,0.616,0.591,0.265625,12.078125
