MeanRR,RMSDD,MADRR,MCVNN,pNN20,pNN50,SDRR,CVRR,NN20,NN50,MinRR,MaxRR
0.615301724137931,0.41559205287849393,0.17578125,0.07875862068965517,0.09130434782608696,0.08695652173913043,0.28636580072663326,0.046540711571684004,0.105,0.1,0.3046875,1.921875
