MeanRR,RMSDD,MADRR,MCVNN,pNN20,pNN50,SDRR,CVRR,NN20,NN50,MinRR,MaxRR
0.6842284038901602,0.5644812680573013,0.265625,0.0875812356979405,0.09198167239404353,0.0877434135166094,0.388724861295348,0.05681214914278103,0.803,0.766,0.2578125,4.5859375
