MeanRR,RMSDD,MADRR,MCVNN,pNN20,pNN50,SDRR,CVRR,NN20,NN50,MinRR,MaxRR
0.868593523222061,1.0392926557041482,0.5390625,0.1111799709724238,0.09723837209302325,0.09622093023255815,0.6663804079336119,0.07671947696106039,0.669,0.662,0.3125,7.921875
