MeanRR,RMSDD,MADRR,MCVNN,pNN20,pNN50,SDRR,CVRR,NN20,NN50,MinRR,MaxRR
0.8753991788321168,0.6368089967166736,0.4453125,0.11205109489051095,0.097953216374269,0.09327485380116958,0.4559704494886097,0.05208714612880111,0.67,0.638,0.28125,2.609375
