MeanRR,RMSDD,MADRR,MCVNN,pNN20,pNN50,SDRR,CVRR,NN20,NN50,MinRR,MaxRR
0.6217907157676349,0.4153106585605127,0.234375,0.07958921161825727,0.09335410176531672,0.09148494288681205,0.29080893884187714,0.04676958524265797,0.899,0.881,0.2578125,2.9140625
