MeanRR,RMSDD,MADRR,MCVNN,pNN20,pNN50,SDRR,CVRR,NN20,NN50,MinRR,MaxRR
0.9993098958333334,1.8458656893473073,0.30078125,0.12791166666666667,0.09131886477462438,0.08397328881469114,1.3108313657984296,0.13117366006921363,0.547,0.503,0.2578125,13.4140625
