MeanRR,RMSDD,MADRR,MCVNN,pNN20,pNN50,SDRR,CVRR,NN20,NN50,MinRR,MaxRR
0.9797207446808511,0.6674733851882653,0.25,0.12540425531914892,0.09704918032786886,0.09311475409836065,0.4640495144463435,0.047365488274672594,0.592,0.568,0.265625,2.8984375
