MeanRR,RMSDD,MADRR,MCVNN,pNN20,pNN50,SDRR,CVRR,NN20,NN50,MinRR,MaxRR
0.7684094551282051,1.201095402331407,0.2734375,0.09835641025641026,0.09679075738125802,0.09345314505776636,1.2936036608083494,0.1683482227053698,0.754,0.728,0.2578125,25.6328125
