MeanRR,RMSDD,MADRR,MCVNN,pNN20,pNN50,SDRR,CVRR,NN20,NN50,MinRR,MaxRR
1.9333504098360657,5.228741679269744,0.3671875,0.2474688524590164,0.09769736842105263,0.09506578947368421,3.4308323478912226,0.17745527817598947,0.297,0.289,0.3046875,30.671875
