MeanRR,RMSDD,MADRR,MCVNN,pNN20,pNN50,SDRR,CVRR,NN20,NN50,MinRR,MaxRR
1.2617271505376344,1.6631886289119866,0.7265625,0.1615010752688172,0.09633620689655173,0.09202586206896551,1.1610241084781499,0.09201863556502103,0.447,0.427,0.2578125,13.4375
