MeanRR,RMSDD,MADRR,MCVNN,pNN20,pNN50,SDRR,CVRR,NN20,NN50,MinRR,MaxRR
1.0179727292020373,1.8767813803449178,0.1796875,0.13030050933786078,0.09115646258503401,0.08673469387755102,1.623906742350919,0.1595235997750016,0.536,0.51,0.2578125,26.296875
