MeanRR,RMSDD,MADRR,MCVNN,pNN20,pNN50,SDRR,CVRR,NN20,NN50,MinRR,MaxRR
1.1728840508806264,5.920437481538795,0.375,0.15012915851272016,0.0976470588235294,0.09509803921568627,4.343576662904245,0.37033299750670107,0.498,0.485,0.2578125,84.1640625
