MeanRR,RMSDD,MADRR,MCVNN,pNN20,pNN50,SDRR,CVRR,NN20,NN50,MinRR,MaxRR
1.1372042304015297,9.75929343955843,0.21875,0.14556214149139582,0.09272030651340997,0.089272030651341,6.899055053278084,0.6066680785070708,0.484,0.466,0.2890625,154.9296875
