MeanRR,RMSDD,MADRR,MCVNN,pNN20,pNN50,SDRR,CVRR,NN20,NN50,MinRR,MaxRR
0.5978043912175649,0.5311882474980926,0.1171875,0.07651896207584831,0.09610389610389611,0.0866133866133866,0.3317606280317055,0.05549651907976109,0.962,0.867,0.2734375,2.3125
