MeanRR,RMSDD,MADRR,MCVNN,pNN20,pNN50,SDRR,CVRR,NN20,NN50,MinRR,MaxRR
0.6866757454128439,0.4876586695376266,0.2109375,0.08789449541284404,0.09437428243398392,0.09207807118254879,0.34371618849967306,0.050055093804576366,0.822,0.802,0.2578125,2.40625
