MeanRR,RMSDD,MADRR,MCVNN,pNN20,pNN50,SDRR,CVRR,NN20,NN50,MinRR,MaxRR
1.8338815789473684,8.35379105454621,0.328125,0.23473684210526316,0.09440993788819875,0.09130434782608696,6.458974096390526,0.35220235431438923,0.304,0.294,0.2734375,79.3828125
