MeanRR,RMSDD,MADRR,MCVNN,pNN20,pNN50,SDRR,CVRR,NN20,NN50,MinRR,MaxRR
3.944901315789474,14.881618530569115,0.69921875,0.5049473684210527,0.09867549668874173,0.09470198675496688,11.227974300589036,0.2846199030543312,0.149,0.143,0.2578125,116.8125
