MeanRR,RMSDD,MADRR,MCVNN,pNN20,pNN50,SDRR,CVRR,NN20,NN50,MinRR,MaxRR
0.7291888702801461,0.7027113874927904,0.2578125,0.0933361753958587,0.09890243902439025,0.09426829268292683,0.5021594955139829,0.06886549095586976,0.811,0.773,0.2578125,6.4296875
