MeanRR,RMSDD,MADRR,MCVNN,pNN20,pNN50,SDRR,CVRR,NN20,NN50,MinRR,MaxRR
2.0407689846416384,5.493899599966006,0.7578125,0.2612184300341297,0.0958904109589041,0.09212328767123287,4.200389815117169,0.20582387554536274,0.28,0.269,0.265625,51.484375
