MeanRR,RMSDD,MADRR,MCVNN,pNN20,pNN50,SDRR,CVRR,NN20,NN50,MinRR,MaxRR
0.8453831214689266,0.6453920057934944,0.25390625,0.1082090395480226,0.09462517680339462,0.08995756718528997,0.4866129395589849,0.05756123196704621,0.669,0.636,0.2734375,4.09375
