MeanRR,RMSDD,MADRR,MCVNN,pNN20,pNN50,SDRR,CVRR,NN20,NN50,MinRR,MaxRR
0.4349584651898734,0.23551127970092145,0.0703125,0.0556746835443038,0.08783269961977186,0.07338403041825095,0.15866455472646257,0.0364780932950001,0.693,0.579,0.2578125,1.546875
