MeanRR,RMSDD,MADRR,MCVNN,pNN20,pNN50,SDRR,CVRR,NN20,NN50,MinRR,MaxRR
2.2445219123505975,8.09318631905394,0.5,0.2872988047808765,0.09759999999999999,0.09720000000000001,5.449291600983488,0.2427818401325681,0.244,0.243,0.3046875,42.546875
