MeanRR,RMSDD,MADRR,MCVNN,pNN20,pNN50,SDRR,CVRR,NN20,NN50,MinRR,MaxRR
0.8213077910958904,0.6764239949132635,0.2421875,0.10512739726027397,0.09739368998628258,0.09423868312757201,0.43714746415675604,0.053225778313080396,0.71,0.687,0.2578125,6.515625
