MeanRR,RMSDD,MADRR,MCVNN,pNN20,pNN50,SDRR,CVRR,NN20,NN50,MinRR,MaxRR
1.1042673802946592,1.8333925486951748,0.453125,0.14134622467771638,0.0985239852398524,0.0948339483394834,1.301640079592494,0.11787363303669882,0.534,0.514,0.296875,12.78125
