MeanRR,RMSDD,pNN50,SDRR,CVRR,NN50,MinRR,MaxRR
0.7606480012690355,0.4776609413097269,0.0921119592875318,0.3172569271314155,0.04170877023302716,0.362,0.2734375,1.9453125
