MeanRR,RMSDD,pNN50,SDRR,CVRR,NN50,MinRR,MaxRR
0.9391653605015674,1.1013228090457183,0.07672955974842767,1.145925305026221,0.12201528646821387,0.244,0.3125,13.2890625
