MeanRR,RMSDD,pNN50,SDRR,CVRR,NN50,MinRR,MaxRR
0.5941995287698413,0.6041102719632204,0.0831013916500994,0.37834502097714917,0.06367305974820088,0.418,0.2578125,4.6484375
