MeanRR,RMSDD,pNN50,SDRR,CVRR,NN50,MinRR,MaxRR
0.6968386627906976,0.5023735989371039,0.07179487179487179,0.39005231743809116,0.055974551681161125,0.308,0.3046875,2.390625
