MeanRR,RMSDD,pNN50,SDRR,CVRR,NN50,MinRR,MaxRR
0.7206513554216867,0.6388202991776759,0.0929951690821256,0.4201339718052328,0.05829919955668339,0.385,0.2578125,2.828125
