MeanRR,RMSDD,pNN50,SDRR,CVRR,NN50,MinRR,MaxRR
0.7702241323907455,0.6780062051883601,0.09329896907216495,0.4567480960175528,0.05930067324686707,0.362,0.2578125,3.15625
