MeanRR,RMSDD,pNN50,SDRR,CVRR,NN50,MinRR,MaxRR
1.4156152950310559,7.316979312806486,0.09,7.233710612751329,0.510994098336062,0.144,0.3125,92.3671875
