MeanRR,RMSDD,pNN50,SDRR,CVRR,NN50,MinRR,MaxRR
1.0585523409893993,4.024447516619357,0.09042553191489362,2.8678274393449965,0.2709197578897722,0.255,0.2734375,47.203125
