MeanRR,RMSDD,pNN50,SDRR,CVRR,NN50,MinRR,MaxRR
0.8417090941011236,0.6062878872290821,0.09211267605633804,0.4024257777076802,0.047810553613827585,0.327,0.2890625,2.609375
