MeanRR,RMSDD,pNN50,SDRR,CVRR,NN50,MinRR,MaxRR
0.6457545896328294,0.6847451361810514,0.05865800865800865,0.5054550044047516,0.07827354424103265,0.271,0.28125,5.921875
