MeanRR,RMSDD,pNN50,SDRR,CVRR,NN50,MinRR,MaxRR
0.9039841389728097,1.0121864138640593,0.09090909090909091,0.6610610866140548,0.07312750944559863,0.3,0.2578125,3.4140625
