MeanRR,RMSDD,pNN50,SDRR,CVRR,NN50,MinRR,MaxRR
0.8887727963525835,0.9333443688638523,0.0923780487804878,0.6494155500107299,0.0730687924603288,0.303,0.2578125,4.8828125
