MeanRR,RMSDD,pNN50,SDRR,CVRR,NN50,MinRR,MaxRR
2.507589285714286,9.634372625538877,0.09230769230769231,6.509910698631044,0.25960833122545024,0.096,0.3046875,40.0078125
