MeanRR,RMSDD,pNN50,SDRR,CVRR,NN50,MinRR,MaxRR
0.5683556688804554,0.43868409091261934,0.09486692015209125,0.24051172115984662,0.0423171148505663,0.499,0.2578125,1.1328125
