MeanRR,RMSDD,pNN50,SDRR,CVRR,NN50,MinRR,MaxRR
0.7033450704225351,0.49418043063631834,0.09411764705882353,0.35669953214780875,0.05071472697370597,0.4,0.3046875,2.40625
