MeanRR,RMSDD,pNN50,SDRR,CVRR,NN50,MinRR,MaxRR
2.0685221354166665,5.2729397508552545,0.0951048951048951,3.7765346046703385,0.1825716312148443,0.136,0.3046875,24.765625
