MeanRR,RMSDD,pNN50,SDRR,CVRR,NN50,MinRR,MaxRR
1.9455661525974026,5.617794211294086,0.08954248366013073,4.522389584397348,0.23244594270720587,0.137,0.265625,51.484375
