MeanRR,RMSDD,pNN50,SDRR,CVRR,NN50,MinRR,MaxRR
0.7252005145278451,0.5605816603051912,0.09320388349514563,0.3940109336820564,0.05433130917434392,0.384,0.265625,3.4375
