MeanRR,RMSDD,pNN50,SDRR,CVRR,NN50,MinRR,MaxRR
0.7084810874704492,0.5459297539308916,0.09289099526066352,0.3830948484728309,0.054072699363172445,0.392,0.2578125,3.6640625
