MeanRR,RMSDD,pNN50,SDRR,CVRR,NN50,MinRR,MaxRR
3.484465843023256,7.911293638725804,0.09411764705882353,5.850727993853133,0.16790889213529547,0.08,0.265625,34.671875
