MeanRR,RMSDD,pNN50,SDRR,CVRR,NN50,MinRR,MaxRR
2.3938078703703702,4.569374820342418,0.09375,3.2011464396530345,0.13372612227052927,0.075,0.2578125,13.2890625
