MeanRR,RMSDD,pNN50,SDRR,CVRR,NN50,MinRR,MaxRR
0.7736797480620156,0.7302291361696845,0.09715025906735751,0.4953120958307151,0.06402030001062049,0.375,0.265625,3.1796875
