MeanRR,RMSDD,pNN50,SDRR,CVRR,NN50,MinRR,MaxRR
0.9786049836601307,0.6991432968836622,0.09442622950819672,0.47759145606515424,0.04880329285457856,0.288,0.3046875,2.609375
