MeanRR,RMSDD,pNN50,SDRR,CVRR,NN50,MinRR,MaxRR
0.7408692617866005,0.4793324085885225,0.09079601990049752,0.32993996486974764,0.0445341684272472,0.365,0.265625,2.5625
