MeanRR,RMSDD,pNN50,SDRR,CVRR,NN50,MinRR,MaxRR
1.0619602272727273,1.9543225685275656,0.09598540145985401,1.5478022287524458,0.1457495477704879,0.263,0.2734375,16.359375
