MeanRR,RMSDD,pNN50,SDRR,CVRR,NN50,MinRR,MaxRR
0.6958938953488372,0.6789043964197566,0.059673659673659674,0.48720114637436684,0.07001083780597658,0.256,0.2734375,5.515625
