MeanRR,RMSDD,pNN50,SDRR,CVRR,NN50,MinRR,MaxRR
0.7544474181360201,0.45872543839109153,0.09116161616161617,0.3262858777627497,0.04324832585004927,0.361,0.3046875,2.4296875
