MeanRR,RMSDD,pNN50,SDRR,CVRR,NN50,MinRR,MaxRR
0.7584651898734177,0.8448099849738123,0.0934010152284264,0.5930812198131168,0.07819491622444767,0.368,0.2578125,9.1015625
