MeanRR,RMSDD,pNN50,SDRR,CVRR,NN50,MinRR,MaxRR
0.7657860824742267,0.34806865500672596,0.04005167958656331,0.24525634032028748,0.03202674296820245,0.155,0.6171875,2.7578125
