MeanRR,RMSDD,pNN50,SDRR,CVRR,NN50,MinRR,MaxRR
0.6648821149553571,0.5029177605738906,0.09731543624161074,0.3237628148456751,0.04869476972882838,0.435,0.2578125,2.3125
