MeanRR,RMSDD,pNN50,SDRR,CVRR,NN50,MinRR,MaxRR
0.6965749414519906,0.5038679352495141,0.09436619718309859,0.3625167756570341,0.05204275291634496,0.402,0.125,2.0390625
