MeanRR,RMSDD,pNN50,SDRR,CVRR,NN50,MinRR,MaxRR
0.6673657718120806,0.3268322565088839,0.06434977578475336,0.24988641247095378,0.037443696249575976,0.287,0.2265625,1.875
