MeanRR,RMSDD,pNN50,SDRR,CVRR,NN50,MinRR,MaxRR
0.8361350070224719,0.3793393936901277,0.061690140845070414,0.3122459278755153,0.03734396063471163,0.219,0.2421875,2.6171875
