MeanRR,RMSDD,pNN50,SDRR,CVRR,NN50,MinRR,MaxRR
0.6887960829493088,0.3361692481022905,0.0722863741339492,0.25805706940254164,0.03746494438493098,0.313,0.140625,2.5625
