MeanRR,RMSDD,pNN50,SDRR,CVRR,NN50,MinRR,MaxRR
0.3848811053984576,0.29222049582618964,0.09009009009009009,0.20826208141971198,0.05411075745173397,0.7,0.140625,2.25
