MeanRR,RMSDD,pNN50,SDRR,CVRR,NN50,MinRR,MaxRR
0.367389050982801,0.27821424039398623,0.09052890528905289,0.18693829750226426,0.050882925607659335,0.736,0.1796875,2.125
