MeanRR,RMSDD,pNN50,SDRR,CVRR,NN50,MinRR,MaxRR
0.5103588950511946,0.45039379137338503,0.09794871794871794,0.2708003450334989,0.05306076716980404,0.573,0.1953125,1.8046875
