MeanRR,RMSDD,pNN50,SDRR,CVRR,NN50,MinRR,MaxRR
0.4786,0.37965593584177215,0.09150641025641025,0.23651336741661516,0.04941775332566134,0.571,0.1796875,1.3125
