MeanRR,RMSDD,pNN50,SDRR,CVRR,NN50,MinRR,MaxRR
0.454098594224924,0.33543672964968874,0.09649923896499239,0.20491174387336983,0.04512494565703786,0.634,0.1875,1.625
