MeanRR,RMSDD,pNN50,SDRR,CVRR,NN50,MinRR,MaxRR
0.46469092331768386,0.34311181720412026,0.095141065830721,0.2146004886787363,0.046181338586642806,0.607,0.171875,1.046875
