MeanRR,RMSDD,pNN50,SDRR,CVRR,NN50,MinRR,MaxRR
0.5063799872665535,0.3434838637168015,0.09217687074829932,0.24997014433294548,0.04936414365075681,0.542,0.1953125,1.8671875
