MeanRR,RMSDD,pNN50,SDRR,CVRR,NN50,MinRR,MaxRR
0.502104377104377,0.35366065162742993,0.09258010118043845,0.2518758715359311,0.05016404616675376,0.549,0.1875,1.875
