MeanRR,RMSDD,pNN50,SDRR,CVRR,NN50,MinRR,MaxRR
0.7514474936548223,0.8609475369202928,0.09491094147582697,0.6008009923991965,0.07995249135466206,0.373,0.203125,5.296875
