MeanRR,RMSDD,pNN50,SDRR,CVRR,NN50,MinRR,MaxRR
0.7688466494845361,0.6323237028619644,0.0937984496124031,0.4537705385912178,0.05901964180964341,0.363,0.203125,3.8125
