MeanRR,RMSDD,pNN50,SDRR,CVRR,NN50,MinRR,MaxRR
0.7199548192771084,0.6312281674460231,0.09178743961352658,0.46242272061652506,0.0642294083232659,0.38,0.109375,2.9375
