MeanRR,RMSDD,pNN50,SDRR,CVRR,NN50,MinRR,MaxRR
0.817900443989071,0.3434178325853007,0.04712328767123288,0.26953213781055946,0.03295414983466631,0.172,0.1640625,2.625
