MeanRR,RMSDD,pNN50,SDRR,CVRR,NN50,MinRR,MaxRR
0.8530357142857143,0.38635153444844267,0.06246418338108882,0.2709802330592334,0.031766575363862404,0.218,0.625,2.375
