MeanRR,RMSDD,pNN50,SDRR,CVRR,NN50,MinRR,MaxRR
0.8378851540616247,0.38290027083687506,0.061235955056179785,0.29110532511757503,0.03474286705122417,0.218,0.625,2.3984375
