MeanRR,RMSDD,pNN50,SDRR,CVRR,NN50,MinRR,MaxRR
0.4496240601503759,0.3176768759063928,0.07801204819277109,0.22618211654285716,0.050304718227759206,0.518,0.140625,2.3671875
