MeanRR,RMSDD,pNN50,SDRR,CVRR,NN50,MinRR,MaxRR
0.44780734632683655,0.3190465397134043,0.07942942942942943,0.22525441176921426,0.05030163386484735,0.529,0.1875,1.6328125
