MeanRR,RMSDD,pNN50,SDRR,CVRR,NN50,MinRR,MaxRR
0.39886802755376344,0.31434620358496024,0.08142664872139974,0.2298425340020264,0.05762370461519277,0.605,0.125,2.0
