MeanRR,RMSDD,pNN50,SDRR,CVRR,NN50,MinRR,MaxRR
0.4456766917293233,0.3149123871341055,0.08328313253012049,0.22755505534167755,0.051058325365572525,0.553,0.1484375,2.375
