MeanRR,RMSDD,pNN50,SDRR,CVRR,NN50,MinRR,MaxRR
0.4049179634641407,0.2590315041517601,0.08997289972899729,0.19232352918898227,0.04749691210131119,0.664,0.125,1.1875
