MeanRR,RMSDD,pNN50,SDRR,CVRR,NN50,MinRR,MaxRR
0.40599524456521735,0.24046423062624464,0.07496598639455783,0.21706546205186683,0.05346502575031968,0.551,0.1328125,1.7578125
