MeanRR,RMSDD,pNN50,SDRR,CVRR,NN50,MinRR,MaxRR
0.42736728837876614,0.344122259574765,0.08031609195402298,0.24908446659497754,0.058283465620377464,0.559,0.1171875,2.8359375
