MeanRR,RMSDD,pNN50,SDRR,CVRR,NN50,MinRR,MaxRR
0.38795336787564766,0.2809293628687009,0.09779507133592737,0.17208621584827366,0.044357448625999094,0.754,0.1953125,1.0078125
