MeanRR,RMSDD,pNN50,SDRR,CVRR,NN50,MinRR,MaxRR
0.5071215986394558,0.3418655150565819,0.08756388415672912,0.2527283464698114,0.0498358474866482,0.514,0.15625,1.6875
