MeanRR,RMSDD,pNN50,SDRR,CVRR,NN50,MinRR,MaxRR
0.43698770491803274,0.297692024291404,0.08177339901477831,0.226106494856009,0.05174207244536103,0.498,0.1484375,1.4375
