MeanRR,RMSDD,pNN50,SDRR,CVRR,NN50,MinRR,MaxRR
0.34372302934407367,0.23931613463489454,0.09746543778801843,0.13473659557486328,0.039199176101752914,0.846,0.1796875,1.4375
