MeanRR,RMSDD,pNN50,SDRR,CVRR,NN50,MinRR,MaxRR
0.36025872442839957,0.2567768824334102,0.0972289156626506,0.15406638888099114,0.042765484479366546,0.807,0.1796875,1.1875
