MeanRR,RMSDD,pNN50,SDRR,CVRR,NN50,MinRR,MaxRR
0.5722992351816444,0.3296567357198571,0.06015325670498084,0.2435920087899045,0.04256374879001714,0.314,0.125,2.75
