MeanRR,RMSDD,MADRR,MCVNN,pNN20,pNN50,SDRR,CVRR,NN20,NN50,MinRR,MaxRR
0.7721539456662355,0.3305376580630871,0.0546875,0.09883570504527814,0.06036269430051813,0.04650259067357513,0.2381559859013936,0.030843070509198284,0.466,0.359,0.5,2.7578125
